state,state_abbr,year,controls_source,median_hh_income_nominal,median_hh_income_real_2024,poverty_rate,share_white_nh,share_black_nh,share_hispanic,share_bachelors_plus,share_male,share_age_15_24,share_age_25_44
Alabama,AL,1999,historical_mix,33840,63725.13832916458,0.153,0.7206518192107668,0.2595393172599043,0.010377673253754924,0.218,0.4799508542832703,0.1429633246999562,0.29918267441855145
Alabama,AL,2000,historical_mix,34923,63622.59734501282,0.146,0.7032583864104113,0.2592237543329965,0.017298519172547877,0.204,0.48276156384758634,0.1425780175208825,0.2884818267394371
Alabama,AL,2001,historical_mix,34761,61592.630575664865,0.157,0.7002451409403725,0.2595890800365473,0.019187337190110024,0.20199999999999999,0.4830606088144194,0.14338842438749458,0.2835845550463624
Alabama,AL,2002,historical_mix,35943,62686.73019551519,0.154,0.6974082434523065,0.25973903643432084,0.021021680596077445,0.22699999999999998,0.4834098161889195,0.14364915518419388,0.2789694579728215
Alabama,AL,2003,historical_mix,36131,61599.067716485515,0.153,0.6945047741851821,0.25979623363297494,0.0229759535435954,0.22699999999999998,0.4839405696602924,0.144030042471496,0.274999994448751
Alabama,AL,2004,historical_mix,37062,61544.5663399356,0.161,0.6913379723218934,0.25990011761904097,0.025003481779642966,0.223,0.48399981548223253,0.14387176986308384,0.27182623370322967
Alaska,AK,1999,historical_mix,49133,92523.85406403201,0.08800000000000001,0.7194527845036319,0.036245359160613395,0.04002421307506053,0.255,0.5247409200968522,0.16893301049233253,0.2883486682808717
Alaska,AK,2000,historical_mix,51433,93700.45669747858,0.085,0.6789747166632429,0.0337822451322769,0.04134479260720775,0.281,0.5171483033236035,0.14404829583908607,0.3231066161541365
Alaska,AK,2001,historical_mix,52332,92726.4907018122,0.087,0.6742110794459331,0.03396642649523286,0.04416661143670489,0.257,0.5177966716847032,0.14987833628419128,0.31269310761636954
Alaska,AK,2002,historical_mix,51844,90419.02012231282,0.09300000000000001,0.6698337477056436,0.03427172963724649,0.04661571729481565,0.256,0.5179586416476086,0.15402662465341402,0.30268846415510864
Alaska,AK,2003,historical_mix,52391,89320.4383143116,0.098,0.6656256650843443,0.03359890440366803,0.048452069202700745,0.24,0.517231275080427,0.15701234088098037,0.29421480720650695
Alaska,AK,2004,historical_mix,52141,86584.5133433323,0.1,0.6624150975449198,0.033210169789742235,0.049870617607532995,0.255,0.517952754950052,0.1600398006328058,0.287984273896306
Arizona,AZ,1999,historical_mix,38642,72767.93130365183,0.128,0.6758331149865685,0.030553967367692326,0.22690972498352982,0.242,0.4948312507377051,0.14002061807341976,0.2856498878688212
Arizona,AZ,2000,historical_mix,40437,73667.98295794414,0.125,0.6402300048870418,0.02962221732183128,0.2537287432086201,0.24600000000000002,0.49916947416436813,0.1429455879622973,0.29345620826782076
Arizona,AZ,2001,historical_mix,41403,73361.5167493528,0.132,0.6336379204839615,0.03014235200039746,0.2592058332671215,0.244,0.49906371071685723,0.1441187664229881,0.2894594970263452
Arizona,AZ,2002,historical_mix,40724,71025.07861008155,0.136,0.6271302968447562,0.03067108578078686,0.264338323522517,0.263,0.498871532201499,0.14465235612475688,0.2860102052256611
Arizona,AZ,2003,historical_mix,41963,71541.93569474638,0.139,0.621323564105747,0.03114476648003653,0.268749578067801,0.26,0.49838576907079096,0.14452366486134127,0.282110764370557
Arizona,AZ,2004,historical_mix,43696,72560.88097754643,0.146,0.6159212964961457,0.031915270033776776,0.27262842500288376,0.28,0.4983362831106906,0.14404614390620346,0.27954300506474766
Arkansas,AR,1999,historical_mix,31217,58785.68685642821,0.151,0.807437799177149,0.15965050974514505,0.021058857328975417,0.17300000000000001,0.4832515669014292,0.14420431665616906,0.2768258502382835
Arkansas,AR,2000,historical_mix,31496,57379.30091855006,0.15,0.7860421236860614,0.15620506027802708,0.03277995720133145,0.184,0.48815756659852133,0.142921195794202,0.2796999762561469
Arkansas,AR,2001,historical_mix,32864,58231.3573038362,0.159,0.7820079797263383,0.15616233047539893,0.03586232724308591,0.18600000000000003,0.4884604567369763,0.14367371323290376,0.2761639949308415
Arkansas,AR,2002,historical_mix,32819,57238.28835340993,0.163,0.7780132279991293,0.1559258620058856,0.03906018159396022,0.183,0.4888114128725572,0.14406227514637313,0.2724205050616665
Arkansas,AR,2003,historical_mix,33445,57019.75643568841,0.16,0.7738720706278883,0.15554114479656608,0.04243369093546133,0.174,0.4893148748392552,0.14402220186610765,0.26972940558188147
Arkansas,AR,2004,historical_mix,35295,58610.314310291586,0.156,0.7699446409517305,0.15515480676702723,0.045497194952441845,0.188,0.48974246513965597,0.14309852106749643,0.26798441712981047
California,CA,1999,historical_mix,43924,82714.62694947474,0.13699999999999998,0.4985983608266206,0.06653645946865,0.31557030671271347,0.271,0.5002156124275425,0.14132460098727653,0.32304383501873474
California,CA,2000,historical_mix,46836,85325.6584271403,0.127,0.4719695143962231,0.06508857529237472,0.3252489255244583,0.275,0.4983398099863372,0.14306538456231155,0.3155316363783581
California,CA,2001,historical_mix,47064,83392.17989738763,0.129,0.4649193441497833,0.06432139971573798,0.33016650087713095,0.29100000000000004,0.4984195227198757,0.14458173907490077,0.3118006669362378
California,CA,2002,historical_mix,47323,82534.12717475908,0.133,0.45749592300011216,0.06361616734739256,0.33568042274106363,0.27899999999999997,0.4982065616663851,0.14577124587306728,0.3075715843295119
California,CA,2003,historical_mix,48440,82584.45213768116,0.13699999999999998,0.4502005338018077,0.06288261996605751,0.34124643978714075,0.298,0.49764760088592347,0.1465019063965303,0.3034344241320331
California,CA,2004,historical_mix,49894,82853.18096607702,0.132,0.4429859684062011,0.0622458859383173,0.3467523267178223,0.317,0.4976351931784092,0.14767931457566774,0.30008770870522816
Colorado,CO,1999,historical_mix,45557,85789.7791625813,0.08900000000000001,0.7833401912609868,0.038849317810831153,0.14880725064981842,0.387,0.49573916831622633,0.14249015010109384,0.3014321769034694
Colorado,CO,2000,historical_mix,47505,86544.44025068963,0.08900000000000001,0.7465005716536077,0.037323769026520244,0.17224534489998777,0.34600000000000003,0.5036327217437064,0.14295453972929018,0.32458392468917274
Colorado,CO,2001,historical_mix,48483,85906.49026782773,0.087,0.7404624411983948,0.037436221766247814,0.17698246622501773,0.35200000000000004,0.5038725061216485,0.14519553687371023,0.3191866031194705
Colorado,CO,2002,historical_mix,48060,83819.49901779095,0.095,0.734428022766761,0.0374534062176115,0.18194858104144704,0.35700000000000004,0.5036829631886293,0.14623911512678364,0.3133155442959946
Colorado,CO,2003,historical_mix,49248,83961.99626086958,0.1,0.7297501817285722,0.03712959830698748,0.18599908318708194,0.36,0.5024624994369284,0.14587306115707444,0.3064113751928796
Colorado,CO,2004,historical_mix,50105,83203.56420221447,0.102,0.7254770642181781,0.03743224336193143,0.18901454487670308,0.355,0.5028405383766122,0.1454489856094398,0.3020271199229379
Connecticut,CT,1999,historical_mix,51706,97369.14900850425,0.075,0.802386997563399,0.08619175138808866,0.08505830688375582,0.335,0.48530955374888296,0.11790351766939434,0.3077795426063922
Connecticut,CT,2000,historical_mix,52758,96114.33699075642,0.073,0.7785236256648661,0.08918167863843388,0.09492179588525276,0.316,0.48433968574147723,0.11891808872619752,0.3022395660677705
Connecticut,CT,2001,historical_mix,55060,97560.20366203814,0.071,0.7725629108302613,0.0897855562530678,0.09849555833589438,0.324,0.48469442894866777,0.12105184199065787,0.296395544790239
Connecticut,CT,2002,historical_mix,54543,95126.23668180133,0.078,0.7659367592155429,0.09052290293397988,0.10226732266492886,0.326,0.4852184995210696,0.12335471582355355,0.29091125143801994
Connecticut,CT,2003,historical_mix,56409,96170.65154076088,0.08,0.7594612000679613,0.09112984511252646,0.10598920425584674,0.335,0.48527696525249,0.125530660648112,0.2851005184345023
Connecticut,CT,2004,historical_mix,56617,94017.28758480745,0.091,0.7536196109143518,0.09160079791904908,0.10952565920710369,0.345,0.4856894580065639,0.1277394143292486,0.2794301297390745
Delaware,DE,1999,historical_mix,45201,85119.38468134067,0.094,0.7457712816075632,0.19391457365122927,0.0368514925591012,0.24,0.48607369502267966,0.13178101170743878,0.3230626723536172
Delaware,DE,2000,historical_mix,47812,87103.73176015099,0.087,0.725650550057034,0.191062002383093,0.04811202826139758,0.24,0.4856804595274761,0.13749200443046747,0.30043630694339707
Delaware,DE,2001,historical_mix,47876,84830.95369639916,0.084,0.7181547293637418,0.19320622496697873,0.051411400542164816,0.28600000000000003,0.48554792704276367,0.1399951489193778,0.2939428100324369
Delaware,DE,2002,historical_mix,48096,83882.28515937731,0.09300000000000001,0.7109340597318925,0.1951600718955951,0.05481108799767791,0.295,0.4856512716316306,0.14122845209875348,0.288288187712502
Delaware,DE,2003,historical_mix,48770,83147.06298007247,0.09,0.7035499869804879,0.19691003578226485,0.05818927314447502,0.281,0.4855740137872355,0.14166329463339378,0.2836089843191284
Delaware,DE,2004,historical_mix,49545,82273.63713000133,0.096,0.6963106777418955,0.19829730995193806,0.06171619505466398,0.26899999999999996,0.4856542405359634,0.14107676549073608,0.27992556598856766
Florida,FL,1999,historical_mix,36309,68374.58769484742,0.124,0.6799894171518903,0.1456968069604329,0.15448119294480323,0.21600000000000003,0.4850758150685675,0.12045355101141905,0.28047571728707443
Florida,FL,2000,historical_mix,38784,70656.55342980206,0.11699999999999999,0.6559322736261658,0.14543211207467324,0.1693147506015729,0.228,0.4879385375243457,0.1219621231075341,0.2850385246563097
Florida,FL,2001,historical_mix,37319,66125.1224203342,0.126,0.6480451203481135,0.14642532117508833,0.17495047675711986,0.24600000000000002,0.4881216968966005,0.12444361625499496,0.280724860588449
Florida,FL,2002,historical_mix,38226,66668.41800778355,0.128,0.6402700042002784,0.14721676132771938,0.18056583322198502,0.257,0.4881931433001965,0.12626324420873886,0.27668396110817844
Florida,FL,2003,historical_mix,38985,66464.79906250001,0.13,0.632848400840151,0.14799132090906392,0.18585663386180437,0.258,0.48850096903185325,0.12807634165554924,0.27269423788460245
Florida,FL,2004,historical_mix,40900,67917.88795271075,0.11900000000000001,0.6254873439577733,0.14851385429769356,0.1912838456352046,0.26,0.4888151338953443,0.12982031106179054,0.2695172146727381
Georgia,GA,1999,historical_mix,39910,75155.74086043022,0.127,0.6628543804505254,0.2844590048586073,0.03075996630817746,0.215,0.48677621644941604,0.14257406037821124,0.3265301274742432
Georgia,GA,2000,historical_mix,42057,76619.29320331026,0.12300000000000001,0.627380685991509,0.28628616206307217,0.05367202350515108,0.231,0.49190725077221537,0.14565186185558013,0.322934988537556
Georgia,GA,2001,historical_mix,42006,74429.96576512122,0.127,0.6202379647794364,0.2873839178000625,0.05779226499867853,0.242,0.49192518883166103,0.14632033422792162,0.31849169121591664
Georgia,GA,2002,historical_mix,42359,73876.6158737954,0.13,0.6134198359804877,0.28861919528514424,0.0615032034767172,0.25,0.4913253667966737,0.1462386651271424,0.31365252761553014
Georgia,GA,2003,historical_mix,42421,72322.7713487319,0.134,0.6071082768657441,0.28975066431491514,0.06495957864232621,0.25,0.49030992626171127,0.14572007005154827,0.3088161805577381
Georgia,GA,2004,historical_mix,42679,70872.06699104504,0.13699999999999998,0.5999447843442063,0.2913372771132589,0.068714412586159,0.276,0.4910028814316204,0.14678709198914572,0.3050423228799902
Hawaii,HI,1999,historical_mix,44755,84279.50844922461,0.105,0.2868720882465329,0.025440806682766805,0.08051981573972773,0.262,0.49939982977603486,0.1404836958676403,0.29104164751155
Hawaii,HI,2000,historical_mix,49005,89277.13492232493,0.099,0.23116325331535806,0.017122105216317175,0.07250731138119798,0.263,0.5026909343817443,0.13642884866244367,0.2978288761857045
Hawaii,HI,2001,historical_mix,46535,82454.85066133208,0.10400000000000001,0.23233367157497709,0.018566040321449196,0.07459207078929939,0.27899999999999997,0.5030874066436749,0.1386983787240568,0.29142426921859654
Hawaii,HI,2002,historical_mix,47424,82710.27718309859,0.11,0.23297513014142318,0.01932135271249979,0.0766715095759725,0.268,0.5029158293757809,0.13980572969144403,0.286229653932316
Hawaii,HI,2003,historical_mix,48274,82301.44183514494,0.10800000000000001,0.2323486956841444,0.018556468668125586,0.07806552990279374,0.27,0.5014578541090865,0.14086195624199738,0.28013098307642387
Hawaii,HI,2004,historical_mix,51359,85285.93661034893,0.09,0.23232035327493053,0.017451743878816147,0.07960777939789677,0.266,0.49993757699818386,0.14047530993609297,0.27606356624572365
Idaho,ID,1999,historical_mix,36656,69028.0340010005,0.121,0.9003059838619477,0.003885116241911001,0.07432132300071902,0.20800000000000002,0.4989246624590557,0.16742989534233443,0.2723615882399936
Idaho,ID,2000,historical_mix,37929,69098.91746696994,0.11199999999999999,0.8827547463118445,0.003841684430865841,0.07929476770584025,0.2,0.5013321225460394,0.15874344905073762,0.2789392271996183
Idaho,ID,2001,historical_mix,38459,68145.07578347847,0.115,0.8782805868653795,0.004199363315004523,0.08262889386209603,0.212,0.5014682240852388,0.1594083769078201,0.2743669893527238
Idaho,ID,2002,historical_mix,38242,66696.3229595997,0.11699999999999999,0.8743871104439663,0.0044584637697594395,0.08567621525964433,0.209,0.5011190923116866,0.15833216450358556,0.2704211965036572
Idaho,ID,2003,historical_mix,39859,67954.86535416667,0.11699999999999999,0.8704682480306297,0.004704484443075298,0.08852557614164797,0.225,0.5013297833325998,0.15798383429418064,0.26680822661326997
Idaho,ID,2004,historical_mix,40509,67268.59958621906,0.115,0.8666268621542432,0.004970534601904581,0.09146990735751206,0.23800000000000002,0.5019507085059512,0.1566781769245913,0.2650650020620749
Illinois,IL,1999,historical_mix,45214,85143.86537868934,0.10099999999999999,0.7121492005933197,0.1486696893317074,0.10522378522423047,0.256,0.48778879602122954,0.13710976825410176,0.30546338873236883
Illinois,IL,2000,historical_mix,46327,84398.36403523205,0.1,0.6807020594312716,0.15010888149188353,0.12418730946141038,0.271,0.48968997586568164,0.14098498483331526,0.3046398546713365
Illinois,IL,2001,historical_mix,46991,83262.8320065898,0.10099999999999999,0.6756447259847003,0.14940619108303715,0.12824118615247934,0.267,0.4898930171050119,0.1415831995096267,0.3007724340380247
Illinois,IL,2002,historical_mix,44946,78388.49777057079,0.113,0.6708309794790747,0.1487830160992454,0.13199414061938647,0.273,0.49001090251003626,0.14154589225420414,0.29700142652350126
Illinois,IL,2003,historical_mix,47367,80755.11445923914,0.114,0.6663719338776997,0.148056953779729,0.13554652649895196,0.281,0.4900560735635201,0.14186525555976956,0.29272214428696514
Illinois,IL,2004,historical_mix,47711,79228.12596850324,0.11900000000000001,0.6621680946908256,0.14742410367526088,0.13878502813354934,0.27399999999999997,0.4905222675579615,0.14284586386108789,0.28865127274336083
Indiana,IN,1999,historical_mix,40654,76556.7900010005,0.087,0.8802056436746969,0.08227379187369939,0.025906539583950665,0.184,0.4865670823054263,0.14153912373771665,0.3006741993514615
Indiana,IN,2000,historical_mix,41511,75624.59234283502,0.08800000000000001,0.8592986122807035,0.08374724591775327,0.035674783391492854,0.171,0.4906045208479635,0.14517998261944698,0.293488727427688
Indiana,IN,2001,historical_mix,42073,74548.68232242881,0.09,0.8548565870726007,0.08449678185829733,0.03826341109965142,0.212,0.4908158935728553,0.14593326109377652,0.28876653132629215
Indiana,IN,2002,historical_mix,41973,73203.40891123054,0.096,0.85075228635891,0.08515380280628534,0.040514999511855734,0.237,0.49100734295684173,0.1460170270568377,0.2842576966380749
Indiana,IN,2003,historical_mix,43323,73860.57431793479,0.1,0.8464688432663002,0.08578716394277025,0.04296458821702995,0.222,0.49127801236735147,0.14628658314395646,0.27990855686583593
Indiana,IN,2004,historical_mix,43217,71765.46121399268,0.111,0.8420707693734341,0.08646115751193605,0.04543810074334908,0.21100000000000002,0.4915853616079687,0.1462576570185145,0.276095791325118
Iowa,IA,1999,historical_mix,39537,74453.3331595798,0.085,0.9444161575904201,0.01917744151852661,0.021457350336114043,0.217,0.4869316476924026,0.14532728470945103,0.27781884308741894
Iowa,IA,2000,historical_mix,40443,73678.91373663068,0.083,0.9270549290951692,0.021109452259029923,0.028478010233292717,0.255,0.49069959819969977,0.1474278328218508,0.2751521218189956
Iowa,IA,2001,historical_mix,41216,73030.17352224054,0.08199999999999999,0.9232390074068971,0.02165691165441165,0.030856102513065326,0.239,0.4910339267059277,0.148184667310369,0.2705623505071799
Iowa,IA,2002,historical_mix,41052,71597.13012231282,0.091,0.9195834415387457,0.022220109234641818,0.03298509934790477,0.231,0.4917072053558101,0.14867832626845712,0.2659245990606066
Iowa,IA,2003,historical_mix,42278,72078.973317029,0.091,0.9158293391670086,0.02280048361675174,0.03502074609814619,0.24600000000000002,0.49221362753692305,0.14928964965657704,0.2612111696842861
Iowa,IA,2004,historical_mix,42865,71180.93562574442,0.105,0.9118875555036421,0.023477173042708393,0.03716505255388699,0.243,0.4925276819918507,0.14963460278605853,0.2571915622614169
Kansas,KS,1999,historical_mix,39726,74809.2448364182,0.102,0.8632242322305667,0.056335746247624385,0.05594426936623698,0.265,0.49185471874703285,0.1500652587063102,0.28924301407809644
Kansas,KS,2000,historical_mix,41150,74966.92382519478,0.08900000000000001,0.831668634853199,0.05675096642846721,0.0707704438647338,0.273,0.49418657962839696,0.14929793097252422,0.2850467445848265
Kansas,KS,2001,historical_mix,42081,74562.85743374913,0.095,0.8267779651997178,0.0567049643951769,0.07428126070901744,0.27899999999999997,0.4944914479590787,0.15109197746101086,0.27973415361477216
Kansas,KS,2002,historical_mix,42104,73431.88070422535,0.1,0.8217767598354176,0.056737797743533804,0.07757408693825582,0.29100000000000004,0.494424063076393,0.15250144184615272,0.27451239803429844
Kansas,KS,2003,historical_mix,43113,73502.54923641305,0.10400000000000001,0.8170193653773553,0.056558492018373825,0.08092312754590152,0.31,0.49415608643982895,0.15307102009398443,0.26904697899819463
Kansas,KS,2004,historical_mix,41664,69186.5741726587,0.111,0.8123507656051314,0.056616635696739255,0.0841596958425204,0.3,0.4944376645029775,0.15342639793473678,0.26499237668013836
Kentucky,KY,1999,historical_mix,33732,63521.76022811406,0.14300000000000002,0.9110023795547645,0.07205089848705762,0.008917839086553938,0.198,0.4856579121773873,0.1456620779761792,0.29871706020841615
Kentucky,KY,2000,historical_mix,35150,64036.14513865363,0.139,0.8937590098939966,0.07318312253752203,0.01499868733701307,0.205,0.48883544935924017,0.14201432889579976,0.2983093938016128
Kentucky,KY,2001,historical_mix,35977,63747.24749635209,0.147,0.8906888960338554,0.07375227745805692,0.0165088055156519,0.204,0.48947797170789936,0.1427790445344448,0.2935723324611886
Kentucky,KY,2002,historical_mix,35875,62568.134150296515,0.14800000000000002,0.8879623460374706,0.074113267520401,0.017897123995232127,0.21600000000000003,0.4896609309575476,0.14272758947400593,0.28891396436321404
Kentucky,KY,2003,historical_mix,36663,62506.06458967392,0.15,0.8854482569337676,0.0741531197400156,0.019434708792690124,0.213,0.48938032677785953,0.14180881527845582,0.2843166544009599
Kentucky,KY,2004,historical_mix,37046,61517.99699501522,0.163,0.8820706490266397,0.0747934022832536,0.021033496289646587,0.21,0.49059345153434514,0.1414799108849495,0.2816024018710591
Louisiana,LA,1999,historical_mix,31904,60079.39755477739,0.183,0.6358972423596791,0.32087048708438975,0.027331894644027323,0.207,0.48120040210108106,0.1596087405521685,0.2851932795597473
Louisiana,LA,2000,historical_mix,32124,58523.38908774137,0.17300000000000001,0.6264955382349948,0.3239633845682525,0.024373837878210194,0.225,0.4841150879327174,0.1552705402755214,0.2882697117658437
Louisiana,LA,2001,historical_mix,32959,58399.68675076489,0.183,0.6237333556653547,0.32435965720347265,0.025952041984200095,0.19699999999999998,0.48456287859754904,0.1567118331798007,0.2833272478575217
Louisiana,LA,2002,historical_mix,33536,58488.779006671604,0.18100000000000002,0.6207656783553211,0.3247547899646608,0.027584530782806534,0.221,0.48512641121819094,0.15736890871722758,0.278888711744266
Louisiana,LA,2003,historical_mix,33792,57611.35026086957,0.18100000000000002,0.617987402019269,0.3251482733405264,0.029034899476713553,0.223,0.4852618046901577,0.1570790538995214,0.27488220635862265
Louisiana,LA,2004,historical_mix,35216,58479.12816974723,0.192,0.6150390203675643,0.3254709002473069,0.030696549697094046,0.22399999999999998,0.4862410533016947,0.15680419169647983,0.2726672023738653
Maine,ME,1999,historical_mix,36902,69491.28412006002,0.106,0.9762489625231437,0.004618368128710975,0.007324586605375726,0.22899999999999998,0.4879628742897274,0.1325959267062504,0.3070548426227415
Maine,ME,2000,historical_mix,37589,68479.5066747326,0.099,0.9662368292469022,0.005255772579776238,0.0073770312088903365,0.24100000000000002,0.48668125211421126,0.12522864803237405,0.2893822744528108
Maine,ME,2001,historical_mix,38036,67395.56677241705,0.102,0.9639400416273882,0.005912769154665347,0.008159030312080965,0.222,0.48692455113666416,0.12710664762633664,0.28320235328523474
Maine,ME,2002,historical_mix,37963,66209.7303623054,0.11,0.9615497391894812,0.006595882588968796,0.008846723664310626,0.23800000000000002,0.4874641192629402,0.12883885305102008,0.2775000771628754
Maine,ME,2003,historical_mix,39212,66851.8071268116,0.107,0.9588668463306527,0.007533028756698173,0.009582759605147442,0.237,0.48819491271805177,0.1305666304124031,0.2717118008010636
Maine,ME,2004,historical_mix,41287,68560.53398297234,0.115,0.9565505660400339,0.008234070799154745,0.01024900889708972,0.242,0.4885680618228986,0.13102578389998235,0.2661484309820901
Maryland,MD,1999,historical_mix,49781,93744.12267033517,0.08,0.6427558485383923,0.2768600794255742,0.03850929899524986,0.34700000000000003,0.485945641164862,0.1266267102428362,0.32830455519474117
Maryland,MD,2000,historical_mix,52740,96081.5446546968,0.079,0.6219449922557453,0.2788029600262397,0.04352353986059965,0.32299999999999995,0.48295736762370567,0.12702027514792788,0.3131424125697557
Maryland,MD,2001,historical_mix,53090,94069.58249941164,0.077,0.6146569170209041,0.28056012894508725,0.04676566522614974,0.35700000000000004,0.4827862662244211,0.12944483692178768,0.307403346536573
Maryland,MD,2002,historical_mix,53866,93945.50840808006,0.083,0.6071558485983264,0.2821636467539362,0.050342907464889,0.376,0.48253755384035957,0.13153581481030124,0.30210983074923503
Maryland,MD,2003,historical_mix,54302,92578.46655615943,0.08800000000000001,0.5994939476215593,0.283636226683956,0.054139453509280566,0.37200000000000005,0.48258591419015334,0.1334565320583836,0.29695435212505067
Maryland,MD,2004,historical_mix,57019,94684.8423759319,0.092,0.5912735591817824,0.28538391021347825,0.058211426670765024,0.35200000000000004,0.4825893939626118,0.1351991685498388,0.2921004122096257
Massachusetts,MA,1999,historical_mix,47604,89644.54742971486,0.09699999999999999,0.8441838595834381,0.05407479536187593,0.06330952237906363,0.31,0.48224834008591505,0.12113951861074572,0.3232224089737463
Massachusetts,MA,2000,historical_mix,49266,89752.62379518946,0.084,0.8268193697194701,0.05472556336132847,0.06816599760041653,0.327,0.4818124338165199,0.12958175184684922,0.3122610477678089
Massachusetts,MA,2001,historical_mix,52092,92301.23736220288,0.08199999999999999,0.8202709001483987,0.055674332104649935,0.07114520774398786,0.325,0.4822199894523507,0.1316944670482869,0.3075848040072314
Massachusetts,MA,2002,historical_mix,51085,89095.27897053372,0.09,0.814300491522323,0.05669741628989314,0.07383509271792116,0.34299999999999997,0.48272877635531725,0.13344951058139634,0.3024386313919173
Massachusetts,MA,2003,historical_mix,52713,89869.41010597827,0.095,0.8086496594429172,0.057674464952865406,0.07643472662402015,0.376,0.48294536528629917,0.13559987325935977,0.29669065241068016
Massachusetts,MA,2004,historical_mix,53657,89101.95877453791,0.099,0.8031828299477206,0.05849774830516629,0.07895614680641724,0.36700000000000005,0.48308035783210374,0.13714651619291168,0.2911645637488438
Michigan,MI,1999,historical_mix,44221,83273.91672736368,0.099,0.8087365131503912,0.1414942048049555,0.02796586499590674,0.213,0.48662018344903446,0.13899800025852171,0.3035907651989223
Michigan,MI,2000,historical_mix,45202,82348.84303150559,0.09699999999999999,0.7889746745776166,0.14185461871197544,0.03286125526880316,0.23,0.4903584544509141,0.1376796668157087,0.2966570040542781
Michigan,MI,2001,historical_mix,45688,80954.0607502942,0.098,0.7860440070782855,0.1418710815203901,0.03439224030939474,0.24,0.49061876946728694,0.13944322558431888,0.29082715451320773
Michigan,MI,2002,historical_mix,44315,77287.99623332097,0.109,0.7834925332302952,0.14169250108080206,0.035657581938774184,0.225,0.4907828800953702,0.1408782802217716,0.2846980393801338
Michigan,MI,2003,historical_mix,46291,78920.66213677537,0.11,0.7810217393382751,0.14150766764610276,0.03680623498180288,0.233,0.4910423624699636,0.14214394922016915,0.279034019204171
Michigan,MI,2004,historical_mix,44409,73744.87741056067,0.125,0.7787845532437323,0.14135240914879346,0.03790532668543949,0.244,0.49102250899151345,0.14263163312138905,0.27396257601079627
Minnesota,MN,1999,historical_mix,46153,86912.12497948974,0.075,0.9123609467306933,0.02996100100764149,0.01938830382024279,0.32,0.49272663766870456,0.1431745062514815,0.30208304540585
Minnesota,MN,2000,historical_mix,49170,89577.7313362048,0.069,0.882387266979779,0.03571828156277287,0.02945076425524739,0.312,0.49518089090279654,0.14211649207125213,0.30322565737788254
Minnesota,MN,2001,historical_mix,49619,87919.35607531185,0.07200000000000001,0.8766146557073579,0.037469123761036977,0.03171913921420825,0.314,0.4954340896155492,0.14370887349191097,0.29838949858673725
Minnesota,MN,2002,historical_mix,50157,87476.79176519644,0.075,0.8712410102940166,0.03908498516119455,0.03366829815488744,0.305,0.4956689018686235,0.14493652537839202,0.29312593209515564
Minnesota,MN,2003,historical_mix,50750,86522.7280344203,0.08,0.8660323826394479,0.04073138762047914,0.03556276629678968,0.327,0.4960002548692291,0.1460845912554526,0.2875662996391463
Minnesota,MN,2004,historical_mix,51202,85025.22491331775,0.081,0.8608506415357942,0.04234889035604013,0.03740266009501715,0.325,0.49603348302076,0.14605422908092497,0.28268221890660894
Mississippi,MS,1999,historical_mix,30739,57885.55044622311,0.182,0.617256834544587,0.3636849273952104,0.008659551928235702,0.192,0.4791934173680091,0.15792458261682088,0.2872926899656471
Mississippi,MS,2000,historical_mix,32542,59284.90000290374,0.17600000000000002,0.6077455989478833,0.3621204955986846,0.014054437775093185,0.187,0.4830159744947343,0.15732811207037892,0.2827634074849571
Mississippi,MS,2001,historical_mix,30877,54710.61402965404,0.19,0.6054951394920565,0.3623102607296055,0.015481280367221241,0.233,0.4835299338168955,0.15753065025723853,0.2786153773895073
Mississippi,MS,2002,historical_mix,31434,54822.76596182357,0.18899999999999997,0.6034716710259032,0.36229156033849175,0.016764374898773245,0.209,0.4838836512363569,0.15695630257450902,0.2747662296002947
Mississippi,MS,2003,historical_mix,32397,55233.040790760875,0.183,0.6013247512822872,0.3624089708511487,0.01806532901581139,0.193,0.4841527002641275,0.15613782601055953,0.2711817961225975
Mississippi,MS,2004,historical_mix,34278,56921.5003237902,0.193,0.5991256520399721,0.36256330023087496,0.019291729692870567,0.201,0.4842125849339393,0.1552618370999062,0.2684587453833666
Missouri,MO,1999,historical_mix,37885,71342.40146573287,0.114,0.8573422125698887,0.11173376627414033,0.01672830026234662,0.23,0.4845126617996181,0.14057196171853312,0.2945831073353549
Missouri,MO,2000,historical_mix,40411,73620.61625030247,0.106,0.8387683165738856,0.11265541166536033,0.021375585510634825,0.262,0.4864204334183121,0.1403896894843048,0.2896182377032735
Missouri,MO,2001,historical_mix,39652,70258.9392591198,0.11,0.8357348565237323,0.1131102532075952,0.02284005614466007,0.253,0.48672166025957153,0.14224265228565422,0.2848318656045177
Missouri,MO,2002,historical_mix,40309,70301.29392234988,0.113,0.8327539615759076,0.11347275026102127,0.024287621204178104,0.267,0.4871249774222113,0.14339226319754353,0.28020652619243763
Missouri,MO,2003,historical_mix,40870,69678.50038949276,0.11599999999999999,0.829917243536671,0.11377284104835479,0.02572265436508861,0.266,0.4874147086832021,0.14440739250671217,0.2754165365450643
Missouri,MO,2004,historical_mix,40885,67892.9791918479,0.13,0.8269753282202521,0.11410169664917051,0.02714944880084193,0.281,0.48802755726119185,0.14512484122022895,0.27150666670610246
Montana,MT,1999,historical_mix,32098,60444.72488444222,0.14300000000000002,0.910019381974424,0.003023406764320402,0.018296765102024402,0.24,0.4970190727237508,0.1517616526899711,0.262228711829348
Montana,MT,2000,historical_mix,33281,60631.207577796056,0.133,0.8967395573888576,0.0028314632103415348,0.020127841836390332,0.23800000000000002,0.49829769200894475,0.1441291120668575,0.2706188390226307
Montana,MT,2001,historical_mix,33151,58739.88942245235,0.14,0.8937197961103068,0.0031655164885810968,0.021551092053572314,0.228,0.4986741436511603,0.14705373218914594,0.2634060339970517
Montana,MT,2002,historical_mix,34105,59481.1488556338,0.14,0.8916292900806984,0.0033422291253275595,0.022620101418610084,0.23600000000000002,0.4990363806082703,0.14863541183348744,0.25691617663028277
Montana,MT,2003,historical_mix,34449,58731.45730163044,0.142,0.8896164761915119,0.003535117384165371,0.02372040929504257,0.249,0.499672694453204,0.15066820351663168,0.2507171362395746
Montana,MT,2004,historical_mix,35574,59073.617262340646,0.136,0.8878849559520392,0.0037375982382966185,0.024479332995702194,0.255,0.5000048386628516,0.1502254279259663,0.24695997565614958
Nebraska,NE,1999,historical_mix,38668,72816.89269834917,0.09699999999999999,0.8944621578989068,0.03864040700396392,0.046216510166695875,0.204,0.48898517912063905,0.15120694250036615,0.2805907223648102
Nebraska,NE,2000,historical_mix,40429,73653.4085863621,0.08900000000000001,0.8739733460923551,0.04000595161685591,0.05572638900234564,0.24600000000000002,0.49295725338717017,0.1495302890618618,0.2836546428446395
Nebraska,NE,2001,historical_mix,41091,72808.68740786068,0.09300000000000001,0.8679949716135724,0.04055561111640878,0.06001444323761103,0.257,0.49343542058661405,0.15102079500603546,0.27849632174230565
Nebraska,NE,2002,historical_mix,41130,71733.1667624166,0.1,0.8622096266140212,0.04092306161227385,0.06422178659624647,0.271,0.49383379660381466,0.15187248451071925,0.2739236193883904
Nebraska,NE,2003,historical_mix,41984,71577.73820289856,0.099,0.856630717174256,0.041480050821243925,0.06808758324739467,0.268,0.4942250939382035,0.1524620062888126,0.269575180183626
Nebraska,NE,2004,historical_mix,42166,70020.18736953549,0.1,0.8516826057380658,0.04196996633073621,0.07126394073294957,0.248,0.49468437208823746,0.15236799533546364,0.2654772861087134
Nevada,NV,1999,historical_mix,41939,78976.6127773887,0.102,0.7027613053564096,0.06962155099369739,0.16822633429376654,0.20199999999999999,0.5090885575428091,0.12765599946497255,0.3012989338693925
Nevada,NV,2000,historical_mix,44698,81430.65762183613,0.094,0.6548824242436251,0.06658060642747138,0.1982720913678377,0.193,0.5094392990482682,0.12911463134696327,0.31343198557913077
Nevada,NV,2001,historical_mix,44325,78538.97615909626,0.09300000000000001,0.6419989715969174,0.06773830906324298,0.20653650711804572,0.20800000000000002,0.5087445238012408,0.12984041643176536,0.30922622437391556
Nevada,NV,2002,historical_mix,44560,77715.29080800593,0.10099999999999999,0.6297551144521254,0.0688010024882797,0.2140872788598352,0.221,0.5078809324355469,0.129483469201961,0.3051135090723993
Nevada,NV,2003,historical_mix,45249,77144.17577989132,0.11,0.6193752362318519,0.06964670831758454,0.2202810325277364,0.212,0.5072437023367499,0.12977343975809857,0.30127798652644683
Nevada,NV,2004,historical_mix,47231,78431.04562089196,0.111,0.6081892506335718,0.07095449620709379,0.22660387635952609,0.245,0.5070432380226594,0.1302932970537315,0.29916606356943204
New Hampshire,NH,1999,historical_mix,47284,89041.94564882442,0.068,0.9630740616783806,0.0064172690141149945,0.01627795066995023,0.272,0.4919859066515476,0.12576448589416334,0.33372712786416836
New Hampshire,NH,2000,historical_mix,49830,90780.11699172434,0.055999999999999994,0.9528084124134394,0.006978889926622049,0.016692717532797476,0.301,0.4917976065464294,0.12605231788186294,0.30726069093671815
New Hampshire,NH,2001,historical_mix,50898,90185.60199764652,0.06,0.948666565247623,0.007576958336685207,0.01835817436163748,0.316,0.49231113557203926,0.12866572097390955,0.30149810795074855
New Hampshire,NH,2002,historical_mix,51550,89906.26663269088,0.063,0.9449274243177587,0.007986831498815293,0.01992610447336633,0.301,0.4928015292859681,0.13122168736786782,0.294463193676724
New Hampshire,NH,2003,historical_mix,52409,89351.12617844203,0.064,0.941816164520565,0.008436992124015502,0.02111592074009251,0.34,0.49328587948493563,0.13345730716339543,0.28779378672334044
New Hampshire,NH,2004,historical_mix,53377,88636.99523843134,0.066,0.9389127066375944,0.008761193717488515,0.022307985064966774,0.354,0.4931909487559694,0.13536172188500148,0.28017759574489526
New Jersey,NJ,1999,historical_mix,51426,96841.87245022511,0.081,0.6837621625922893,0.13290829445937402,0.12614822877683213,0.305,0.48461787270495466,0.12128319186110195,0.31092839217762774
New Jersey,NJ,2000,historical_mix,52990,96536.993766636,0.078,0.664418908168212,0.13269425822842706,0.13390508243698773,0.301,0.48519664209789526,0.11973910344208333,0.3109582319024897
New Jersey,NJ,2001,historical_mix,54506,96578.57720310662,0.078,0.6569066433869862,0.13239203543855638,0.1382052831199984,0.307,0.4854466869139285,0.12089753624036537,0.3065404276228291
New Jersey,NJ,2002,historical_mix,54932,95804.67582283172,0.083,0.6495990771507708,0.1320014175734916,0.14251115123126265,0.314,0.48567933912359024,0.12190313567396652,0.30188866763174843
New Jersey,NJ,2003,historical_mix,56356,96080.29282971016,0.08900000000000001,0.6424288738045263,0.13170515690349086,0.1468973313885341,0.33399999999999996,0.4859019494728883,0.12336977157909838,0.2968470721401
New Jersey,NJ,2004,historical_mix,57338,95214.56869028189,0.084,0.6356052149032244,0.13134842639944289,0.15110797178918534,0.34600000000000003,0.4861390173744791,0.12493049733507007,0.29187841744357357
New Mexico,NM,1999,historical_mix,32671,61523.75869834918,0.182,0.4746385308108083,0.01826715498630912,0.40716696439450895,0.245,0.4920257218463264,0.15135092571517905,0.2810372654100023
New Mexico,NM,2000,historical_mix,34487,62828.29409379083,0.17300000000000001,0.44980628199806283,0.01701401929712432,0.42279063740250955,0.23600000000000002,0.49175161047307164,0.14690830900876564,0.28273109437493
New Mexico,NM,2001,historical_mix,33733,59771.12877100495,0.18,0.4434205569719767,0.017175395399876617,0.42777052885586536,0.22,0.49206088366481227,0.1496268473377045,0.276330055850062
New Mexico,NM,2002,historical_mix,34827,60740.35980633803,0.177,0.43872853524668937,0.017330266818087983,0.43166394384978457,0.254,0.4923454799173615,0.1516523662635173,0.2714803841300829
New Mexico,NM,2003,historical_mix,35091,59825.99112228261,0.177,0.43447501936008914,0.017324483615559227,0.4354129317939,0.237,0.49280134897479405,0.15292872611146086,0.26727681572071194
New Mexico,NM,2004,historical_mix,37838,62833.179568573825,0.16699999999999998,0.43109126550576526,0.017497037516388207,0.4384486250714358,0.251,0.4932587739940162,0.15343248899048645,0.26413745503748276
New York,NY,1999,historical_mix,41047,77296.86031315658,0.13699999999999998,0.6513012512611559,0.14569154975701232,0.14621879108081778,0.26899999999999996,0.4820116680032716,0.1276501584004617,0.310188314839678
New York,NY,2000,historical_mix,41763,76083.68504766974,0.132,0.624430869108052,0.15235141128883714,0.1523181512468832,0.287,0.4820453136495634,0.13364463750238137,0.3064562372577727
New York,NY,2001,historical_mix,43149,76455.2347950106,0.13699999999999998,0.6203784258924171,0.1517301566989145,0.15471440883164234,0.289,0.48232474645542767,0.13510783878163196,0.30265744539674866
New York,NY,2002,historical_mix,42765,74584.70402613046,0.139,0.6163131603423591,0.15112698429286542,0.15713107044696883,0.28800000000000003,0.4825462174335608,0.13601720155921787,0.29884537407643513
New York,NY,2003,historical_mix,44139,75251.75749184783,0.14300000000000002,0.6127104388473493,0.1504239244816121,0.15928320381077557,0.29600000000000004,0.48279925170809107,0.13722196341988782,0.29512421790661725
New York,NY,2004,historical_mix,45343,75295.86292028762,0.145,0.6094779837245438,0.1496252236449947,0.1612957876630533,0.306,0.4829047098758281,0.1383943732924909,0.2912414514682081
North Carolina,NC,1999,historical_mix,37563,70736.03342371185,0.12300000000000001,0.7329093770590197,0.21832963894312077,0.02296586665767413,0.239,0.4849328611728803,0.13351943178670853,0.3073856827054046
North Carolina,NC,2000,historical_mix,38889,70847.84205681653,0.11699999999999999,0.7022855830530882,0.21497488001777862,0.047664860014348616,0.23199999999999998,0.49032037412328777,0.13946038501715127,0.309595335783174
North Carolina,NC,2001,historical_mix,39072,69231.24368839727,0.11900000000000001,0.6971703952754904,0.21458499642270845,0.05173138718279704,0.231,0.4899811476613868,0.13936760014041205,0.305025065400977
North Carolina,NC,2002,historical_mix,38194,66612.60810415122,0.129,0.6922098085309254,0.21441699521786706,0.0554794437463136,0.22399999999999998,0.4895416288893338,0.13932704723318595,0.2999001585476978
North Carolina,NC,2003,historical_mix,39438,67237.11030978261,0.134,0.6875410284902311,0.21428468812292215,0.058834424596684524,0.23800000000000002,0.4878123493247433,0.13762610417024587,0.2952507812109491
North Carolina,NC,2004,historical_mix,40863,67856.44634258238,0.138,0.6827612791167513,0.21395574403447992,0.06247568147976325,0.23399999999999999,0.4883675632094461,0.1388248449226671,0.2911091723846367
North Dakota,ND,1999,historical_mix,34206,64414.36411605803,0.11599999999999999,0.9273418488604407,0.005957397114568243,0.011471342947230876,0.223,0.49737085467738523,0.15796492158329467,0.2763948199840294
North Dakota,ND,2000,historical_mix,35636,64921.53821226346,0.10400000000000001,0.918618180345564,0.006121276029051919,0.012202055066563036,0.226,0.4991534571191375,0.1626281301448702,0.2711647402040114
North Dakota,ND,2001,historical_mix,36177,64101.625279359854,0.114,0.9153540658026921,0.006728611621407626,0.013108274314542251,0.244,0.4995994128895162,0.16719504523817721,0.26387267589060215
North Dakota,ND,2002,historical_mix,36223,63175.066852298,0.111,0.9120498050670043,0.007295884469293352,0.01410130247834426,0.253,0.5001049880282308,0.16983928996753206,0.25757950884406616
North Dakota,ND,2003,historical_mix,38223,65165.679480978266,0.105,0.9089128811537577,0.007794094396360773,0.015206232770887437,0.252,0.5008022641852048,0.1726957798555768,0.2516589257956504
North Dakota,ND,2004,historical_mix,39233,65149.694328819096,0.10800000000000001,0.9056498708711737,0.008565157707788833,0.016067813961424218,0.252,0.5020854499344661,0.17525069605478474,0.24720453540766707
Ohio,OH,1999,historical_mix,39707,74773.46535567784,0.11,0.8557557156860289,0.11450818333760636,0.016426017891284568,0.255,0.4833792528401424,0.13896776075732628,0.29840234940151844
Ohio,OH,2000,historical_mix,42054,76613.82781396699,0.098,0.8415415861056714,0.11468984629177713,0.019315982700113865,0.24600000000000002,0.48559837367623815,0.13672425932651464,0.2915658435049702
Ohio,OH,2001,historical_mix,41780,74029.51887032244,0.10300000000000001,0.8384874199598082,0.11558086461146017,0.020417120530719732,0.24100000000000002,0.4859503535660981,0.138068957595603,0.2862271330673787
Ohio,OH,2002,historical_mix,42246,73679.53715159377,0.102,0.8354418595762985,0.1164175072180313,0.021504416811909722,0.245,0.48637429764612894,0.13904903878359967,0.2809364642310247
Ohio,OH,2003,historical_mix,43119,73512.77852445653,0.107,0.832433447826055,0.11708953414790024,0.02261598553466842,0.25,0.48678235223949934,0.13966293034903665,0.2760099269002626
Ohio,OH,2004,historical_mix,43371,72021.1911588513,0.11699999999999999,0.8295790932280475,0.11763896896776013,0.02373315080153238,0.24600000000000002,0.48705184683779634,0.1394749381584459,0.2720755945708839
Oklahoma,OK,1999,historical_mix,33005,62152.72430715358,0.139,0.7959291182605112,0.07578906053643132,0.04068856751132505,0.237,0.48824821830803883,0.15010196411958868,0.2757012713353369
Oklahoma,OK,2000,historical_mix,33417,60878.97189469099,0.138,0.7414937332910679,0.07498020620287665,0.052424975357265376,0.225,0.4915149383461215,0.15003162665207642,0.2815064418496598
Oklahoma,OK,2001,historical_mix,34912,61860.18580183573,0.14400000000000002,0.7357076519281244,0.07490957861036601,0.05638227913818465,0.21100000000000002,0.49235614778921866,0.15204782094545874,0.27701393095093885
Oklahoma,OK,2002,historical_mix,35313,61587.97271775389,0.145,0.7300698178316347,0.07469390211746363,0.06031561328487739,0.204,0.4929666273057654,0.15283971706008462,0.27279053504075573
Oklahoma,OK,2003,historical_mix,35634,60751.74169021739,0.147,0.7249692715210626,0.07427019149234841,0.06360994860897283,0.243,0.49278808020332726,0.15287318410952463,0.26839628724651143
Oklahoma,OK,2004,historical_mix,37109,61622.6137906392,0.14,0.7198247605193756,0.07406801195835849,0.06698337386493318,0.22899999999999998,0.4937438177845266,0.15289542563569558,0.2655549292770152
Oregon,OR,1999,historical_mix,40033,75387.36591995998,0.113,0.8756463059315098,0.016485060705865893,0.06419183186305581,0.268,0.4938615637271369,0.1381838720397183,0.28697852994764417
Oregon,OR,2000,historical_mix,41662,75899.6836064463,0.106,0.8382538688424788,0.01590193684127045,0.0811319797487133,0.272,0.49597837483540874,0.13923313588212174,0.290446591954767
Oregon,OR,2001,historical_mix,41752,73979.90598070135,0.111,0.8322308046541791,0.016077858392467913,0.08537727184778732,0.272,0.4959859420744956,0.13992151529857666,0.2862748083370603
Oregon,OR,2002,historical_mix,41796,72894.71038176426,0.113,0.8267376781168455,0.016250529398102818,0.08915291749586728,0.271,0.4958974493257859,0.140504533469345,0.2822949920077964
Oregon,OR,2003,historical_mix,42593,72616.0109393116,0.12,0.8217631849569935,0.016299371704606446,0.09271247254308537,0.264,0.4957385402618724,0.14031751920292634,0.27844496890095666
Oregon,OR,2004,historical_mix,42568,70687.74216065994,0.129,0.8170044065451862,0.01626603217346699,0.09628255006425336,0.259,0.4956168476882937,0.1396473363080105,0.27506406425840524
Pennsylvania,PA,1999,historical_mix,38918,73287.67533966983,0.1,0.8610638838567499,0.09423357447580527,0.027198396266938447,0.239,0.4807007927953406,0.12730481600157945,0.29309790815686754
Pennsylvania,PA,2000,historical_mix,41419,75456.98706964139,0.095,0.8416711487212041,0.09879395218546662,0.032429859136630525,0.243,0.48291195508236495,0.1305485521898788,0.2845126814804708
Pennsylvania,PA,2001,historical_mix,42288,74929.63843916217,0.1,0.8377839770322231,0.09939864882994268,0.03426799154725965,0.258,0.4833392552384468,0.13249263962754604,0.2793045271270684
Pennsylvania,PA,2002,historical_mix,42043,73325.49307542625,0.1,0.8334611274596585,0.10011758140904845,0.036300370990876595,0.261,0.483917281531447,0.13431569509475727,0.27424714121633464
Pennsylvania,PA,2003,historical_mix,42952,73228.06334057971,0.106,0.8289282014904977,0.10077870434883938,0.03858345014464238,0.248,0.48460038249137877,0.13590613978988347,0.2696464823512698
Pennsylvania,PA,2004,historical_mix,43714,72590.77149058186,0.11199999999999999,0.8240781640262347,0.10150755129314798,0.04112194278463412,0.253,0.4850622711555379,0.13710322413152112,0.2654594954266158
Rhode Island,RI,1999,historical_mix,40965,77142.4436068034,0.10800000000000001,0.8648865231692165,0.03982261139521951,0.06928006023299917,0.268,0.48074471724906365,0.12460096142686,0.31093670993390315
Rhode Island,RI,2000,historical_mix,42305,77071.09872235396,0.102,0.8282552643706178,0.04481808452699692,0.08726724988288703,0.264,0.48034787311429084,0.14091260516363444,0.2952284559750464
Rhode Island,RI,2001,historical_mix,43884,77757.57314756414,0.102,0.8215452607123735,0.045982469715515985,0.09144939847248525,0.27399999999999997,0.48069984921609393,0.1431576836413651,0.2903223975587007
Rhode Island,RI,2002,historical_mix,43115,75195.12484710896,0.11,0.8145844961749351,0.047217857494641156,0.09564209963461368,0.301,0.48115141253007754,0.14538060685087642,0.2859450560274673
Rhode Island,RI,2003,historical_mix,45006,76729.88961413044,0.113,0.8077756682739965,0.048294568867831185,0.09996061015063351,0.276,0.4814074310537625,0.14574337606478605,0.2825540303656535
Rhode Island,RI,2004,historical_mix,47037,78108.89231373242,0.11599999999999999,0.8017595728187504,0.04957104131013169,0.1033111572066828,0.272,0.4822390908439491,0.1476689940897784,0.2784485831195287
South Carolina,SC,1999,historical_mix,35515,66879.382026013,0.132,0.6788093684182354,0.2962226461087423,0.01397392926333647,0.209,0.48254178873706294,0.14340269127907815,0.3060990247407441
South Carolina,SC,2000,historical_mix,37283,67922.03696171902,0.128,0.6618323586938398,0.2943937251986284,0.023972329565235328,0.19,0.48595617091796356,0.14449174412054203,0.2943316014047929
South Carolina,SC,2001,historical_mix,36953,65476.61107742999,0.138,0.6593752267837968,0.2934190570960112,0.02647358729838536,0.23399999999999999,0.4858633282451762,0.14511309362004135,0.2892468502421282
South Carolina,SC,2002,historical_mix,37442,65301.075368791695,0.14,0.6573212635976236,0.2917611516640923,0.02910125748728941,0.233,0.48608219251447554,0.14515037873116843,0.2848433283549934
South Carolina,SC,2003,historical_mix,38003,64790.60558605073,0.138,0.6550227610216811,0.2904570443994731,0.03160400327976528,0.223,0.48582788171545316,0.1447927702523458,0.2807871340292032
South Carolina,SC,2004,historical_mix,39454,65516.68340553178,0.15,0.6531732606714779,0.2886318693701449,0.03422196711835724,0.249,0.48650069664094864,0.14578473450344948,0.27742054529163573
South Dakota,SD,1999,historical_mix,35007,65922.75169884943,0.11699999999999999,0.8941024343468374,0.0063876540818650915,0.012248800695098979,0.256,0.49170477935108636,0.1578444838794598,0.270347945052262
South Dakota,SD,2000,historical_mix,36146,65850.65440061946,0.114,0.8809198723546129,0.006338609554352485,0.014546652483845873,0.257,0.4963497758796789,0.153171818523399,0.2724001248934965
South Dakota,SD,2001,historical_mix,37096,65729.99119228055,0.11699999999999999,0.8768384584127118,0.006972553075839213,0.016598238457357264,0.23600000000000002,0.4966344403223338,0.15479463621347492,0.2670995762376447
South Dakota,SD,2002,historical_mix,36966,64470.90305226093,0.124,0.8730046577721639,0.007636641141022605,0.018163995684324096,0.23600000000000002,0.49695008026104576,0.15563932528091365,0.26256151153917
South Dakota,SD,2003,historical_mix,38008,64799.12999275363,0.12300000000000001,0.8692481233526552,0.008166509324642642,0.019755698683695394,0.239,0.4976843880486403,0.15660921609628548,0.2574316282346225
South Dakota,SD,2004,historical_mix,39265,65202.83301865985,0.129,0.8657417743601992,0.008702018182856609,0.02125011033286777,0.255,0.498080208100769,0.15674536212545237,0.2534410874407448
Tennessee,TN,1999,historical_mix,35624,67084.64325762882,0.128,0.81088677285729,0.1653360469113446,0.01223262001610275,0.177,0.4826620054399215,0.13632902862843038,0.30522226994083196
Tennessee,TN,2000,historical_mix,35760,65147.44097178531,0.126,0.7930332823198338,0.16384380086045613,0.022015811087467668,0.22,0.4869780576497545,0.1378851237236617,0.30073431036837545
Tennessee,TN,2001,historical_mix,36629,64902.51906895741,0.132,0.7892543092782573,0.16446421525811503,0.02417737809542308,0.21,0.4873014815880047,0.13887224866014036,0.2955817019195105
Tennessee,TN,2002,historical_mix,37129,64755.18474888807,0.136,0.7853673913261022,0.16509446821021279,0.026385811531495097,0.215,0.4872472315860921,0.13889240669036382,0.2907285782856141
Tennessee,TN,2003,historical_mix,37925,64657.624841485514,0.135,0.7817267381372726,0.16550874070507055,0.028557860615218138,0.235,0.4868195147176414,0.13832318822834933,0.2864941622610303
Tennessee,TN,2004,historical_mix,38945,64671.44612025233,0.15,0.777693036604634,0.1658793237947631,0.031121797371561153,0.243,0.487729852208048,0.13855920568571917,0.28354223592743394
Texas,TX,1999,historical_mix,38092,71732.20949274638,0.151,0.5531938734615767,0.11609721763581687,0.3016058408289984,0.244,0.49328205184747004,0.15181967638323837,0.3010226778987436
Texas,TX,2000,historical_mix,39090,71214.02314281565,0.146,0.5248816885044613,0.11388536913678383,0.3217965729330647,0.239,0.4965190621174562,0.1526116714465216,0.31010806226494125
Texas,TX,2001,historical_mix,40152,71144.88371663922,0.15,0.5173144720858559,0.11388161572470656,0.3277264953384258,0.23800000000000002,0.4966519575253257,0.15366318408459587,0.30628225960103794
Texas,TX,2002,historical_mix,40063,69872.25528817643,0.154,0.5095735080041447,0.11375721663921587,0.3340129297278856,0.262,0.49679624440850934,0.1543968105595467,0.302101743519288
Texas,TX,2003,historical_mix,39967,68138.99253894929,0.162,0.502040245144429,0.11351898837139475,0.34036632405593753,0.247,0.4963466137677069,0.1545065889407942,0.29760054171110606
Texas,TX,2004,historical_mix,41645,69155.02307556575,0.162,0.49512425703947877,0.11341687020684046,0.3460742627619879,0.245,0.4963655257476515,0.1540596345730287,0.29423453749243716
Utah,UT,1999,historical_mix,43778,82439.68988694347,0.085,0.88566819229274,0.006969550707190601,0.07075615211687661,0.27899999999999997,0.497051885685095,0.1985720966309143,0.26879675242600837
Utah,UT,2000,historical_mix,45934,83682.39803126361,0.08800000000000001,0.8544723952128356,0.00739896867991207,0.09104736819125134,0.264,0.5010799723056607,0.19814996823348788,0.2796999067053627
Utah,UT,2001,historical_mix,45914,81354.50764509298,0.094,0.8490713596048544,0.007700610627858555,0.09530436153372904,0.27899999999999997,0.5011715559953848,0.19780051363677167,0.27722329625194037
Utah,UT,2002,historical_mix,46165,80514.50628706449,0.09699999999999999,0.8438873630805032,0.007929233078761106,0.09941049072721915,0.268,0.5015289388618019,0.19601000509717978,0.275819366272155
Utah,UT,2003,historical_mix,46709,79633.30253713769,0.1,0.8395033847611388,0.007996569690657788,0.10298003887062489,0.284,0.5017801932684416,0.19215621805005387,0.27551578573616703
Utah,UT,2004,historical_mix,47224,78419.4215324893,0.10300000000000001,0.8355170346188759,0.00818960850773241,0.10612346871642835,0.308,0.5016826422605118,0.18713763439069278,0.27640386745392614
Vermont,VT,1999,historical_mix,39571,74517.3595987994,0.09300000000000001,0.9759322262269681,0.005008926466129956,0.008636777040455419,0.28300000000000003,0.4919998652608886,0.13430120928352476,0.31648027756256947
Vermont,VT,2000,historical_mix,40537,73850.16260271984,0.08800000000000001,0.9631523347407721,0.00498672939447326,0.009113904117004419,0.28800000000000003,0.4900921560715071,0.13769770577640425,0.2885675947888678
Vermont,VT,2001,historical_mix,41342,73253.43152553543,0.08900000000000001,0.9609031349687941,0.005486562902733154,0.009970223268318897,0.29,0.4907427522324382,0.14073466694325434,0.2816049054021165
Vermont,VT,2002,historical_mix,41962,73184.22425685693,0.09300000000000001,0.958784093383292,0.005852704235330055,0.010686628471894995,0.308,0.49148904364667995,0.1432498919475759,0.2752639566360437
Vermont,VT,2003,historical_mix,42649,72711.48429438406,0.092,0.9568962447682153,0.006380106755921263,0.011212932421365427,0.313,0.49145920259995013,0.14587008665421505,0.2680454084919189
Vermont,VT,2004,historical_mix,44548,73975.69859455644,0.087,0.9549457994579946,0.0068992773261065945,0.011846689895470384,0.342,0.49174086978965026,0.14794489611562783,0.26121435023874046
Virginia,VA,1999,historical_mix,44848,84454.6395917959,0.09,0.7241559327400089,0.19843393891846717,0.03873583715316012,0.316,0.48866754004707175,0.1383941770242366,0.3260895818249965
Virginia,VA,2000,historical_mix,46789,85240.03399409572,0.08900000000000001,0.7035489374409727,0.19571275196082308,0.04704145913130046,0.319,0.49059453684213933,0.13685646562527573,0.31490847568970604
Virginia,VA,2001,historical_mix,48130,85281.01348081902,0.08800000000000001,0.6983599880083831,0.1950436779922988,0.0502405964023482,0.306,0.4908027687409997,0.13875212166323395,0.30943720251912865
Virginia,VA,2002,historical_mix,48224,84105.5247739066,0.096,0.6929714570296477,0.19453653165081922,0.05349249259593244,0.34600000000000003,0.4903582098933246,0.13969256771731853,0.3036925441132294
Virginia,VA,2003,historical_mix,50028,85291.80370652175,0.1,0.687662252780211,0.19392092577457484,0.05677199752354324,0.342,0.48991560581769156,0.1409192671566641,0.298170606478071
Virginia,VA,2004,historical_mix,51103,84860.82709162292,0.095,0.6820908090681987,0.1934620413814322,0.060102533918795546,0.331,0.48976366366466795,0.1421671242680329,0.29322493587449794
Washington,WA,1999,historical_mix,44742,84255.02775187594,0.099,0.8284850446314955,0.03276167008983627,0.0654343950978752,0.28600000000000003,0.49719241027447725,0.14201611052538227,0.30834706162452286
Washington,WA,2000,historical_mix,44846,81700.28349610414,0.096,0.7924044482102397,0.0320909592942202,0.07562001396833302,0.28600000000000003,0.49788884617779305,0.1393124656544137,0.3069524264564559
Washington,WA,2001,historical_mix,46284,82010.10654365734,0.099,0.785811636424144,0.03250802492999174,0.07912829897546195,0.26899999999999996,0.49845983492049917,0.14191721566755022,0.30165216493515734
Washington,WA,2002,historical_mix,46399,80922.61620737583,0.10300000000000001,0.7794249802845143,0.032831054521145424,0.08245905845812923,0.28300000000000003,0.4982539837012043,0.1433023773083806,0.2961912804433452
Washington,WA,2003,historical_mix,48185,82149.70739583333,0.11,0.7733304500324781,0.03289223744965487,0.08587059712996888,0.28800000000000003,0.49775864314482937,0.14394486342409998,0.29074468616662696
Washington,WA,2004,historical_mix,48438,80435.37057832282,0.11599999999999999,0.7671196516388302,0.032956578667329164,0.08952561605335797,0.299,0.4970070298584884,0.14334340296294737,0.28677209970794565
West Virginia,WV,1999,historical_mix,30108,56697.295059529766,0.163,0.9576159094330267,0.030742232119929516,0.005716885232837169,0.179,0.48167718912983803,0.1417289454809489,0.2745781790973409
West Virginia,WV,2000,historical_mix,30187,54994.569368436336,0.155,0.9465617721100087,0.031671463696326715,0.006832792756697349,0.153,0.48629872038011734,0.13633045769805663,0.2758877733020258
West Virginia,WV,2001,historical_mix,31156,55204.97103694988,0.16699999999999998,0.9454715314788221,0.031645629346076926,0.00729788435181942,0.158,0.4872868489870279,0.13644440324377555,0.2708105164584028
West Virginia,WV,2002,historical_mix,30695,53533.90599981468,0.161,0.9443152650860135,0.0317074089377838,0.00777550190704182,0.159,0.4882940976418705,0.13604691223176513,0.26665573657897856
West Virginia,WV,2003,historical_mix,32967,56204.82315489131,0.163,0.9428735388002505,0.03186512129647767,0.008368394770167108,0.153,0.4891367023580598,0.13521529331593365,0.2630576147922937
West Virginia,WV,2004,historical_mix,33993,56448.233867396004,0.162,0.9413720699522913,0.03200824911172306,0.008919104312946548,0.153,0.4896456691612926,0.13394511676148593,0.2600567704485372
Wisconsin,WI,1999,historical_mix,43301,81541.43660730365,0.084,0.8953759356824164,0.05433976465999269,0.02670915956473031,0.23600000000000002,0.49141596732925164,0.14439916151885002,0.29639139227410394
Wisconsin,WI,2000,historical_mix,44503,81075.40731452355,0.081,0.873339760576807,0.056379057755686225,0.03635486348248297,0.23800000000000002,0.494001580573424,0.14289265777682505,0.2937977844804214
Wisconsin,WI,2001,historical_mix,45435,80505.77285478936,0.081,0.8690346570590743,0.05709754412701701,0.038797374064494294,0.249,0.494409021174125,0.1445636865190079,0.2887691227862511
Wisconsin,WI,2002,historical_mix,45377,79140.1874101186,0.085,0.864799247478771,0.05780672824793826,0.04113670079971909,0.247,0.4946528679954793,0.14590695373250603,0.283694773452103
Wisconsin,WI,2003,historical_mix,46538,79341.76782789855,0.08900000000000001,0.8608905346270251,0.058369073020291456,0.04333933238100505,0.24100000000000002,0.49501761478813616,0.14680419761779223,0.27862720180288997
Wisconsin,WI,2004,historical_mix,46142,76622.66958224888,0.109,0.8572097773931425,0.058786266151084524,0.045519734582317894,0.256,0.49534550616917655,0.14689611546989442,0.27398583176793145
Wyoming,WY,1999,historical_mix,37480,70579.7335867934,0.11199999999999999,0.9039682903741019,0.007147593212705535,0.060512675093098024,0.223,0.5023811410294369,0.16639630360173643,0.26463192397029206
Wyoming,WY,2000,historical_mix,38934,70929.82289696559,0.10400000000000001,0.8907161642727088,0.007143435160833502,0.064735990289298,0.20600000000000002,0.5031681165284241,0.1530062714950435,0.2794760267044305
Wyoming,WY,2001,historical_mix,39988,70854.29393457285,0.105,0.8872996844277954,0.007536535417471096,0.06662394345981154,0.192,0.5040462381003402,0.15520249384927334,0.27187121581216883
Wyoming,WY,2002,historical_mix,39772,69364.73397702002,0.106,0.8846579216306646,0.007623740792813045,0.06850567080719255,0.196,0.5044468488071405,0.15683066775729626,0.2653449782707388
Wyoming,WY,2003,historical_mix,41554,70844.63922644928,0.10800000000000001,0.8823683640776795,0.007621366840598824,0.07036207947911721,0.207,0.5051613556776898,0.15754002856274568,0.2584709992789794
Wyoming,WY,2004,historical_mix,43785,72708.67295866602,0.10300000000000001,0.8792137590207147,0.007847088818438597,0.07267838131941089,0.225,0.5059850011588942,0.15712052107026828,0.254618880940315
