GeoFIPS,GeoName,Region,TableName,LineCode,IndustryClassification,Description,Unit,1969,1970,1971,1972,1973,1974,1975,1976,1977,1978,1979,1980,1981,1982,1983,1984,1985,1986,1987,1988,1989,1990,1991,1992,1993,1994,1995,1996,1997,1998,1999,2000,2001,2002,2003,2004,2005,2006,2007,2008,2009,2010,2011,2012,2013,2014,2015,2016,2017,2018,2019,2020,2021,2022,2023,2024
 "30000","Montana",7,CAINC1,1,"...","Personal income (thousands of dollars) ","Thousands of dollars",2350491,2604190,2787297,3230256,3745221,4069917,4478717,4806477,5197877,6090546,6549399,7215690,8194382,8632561,9082310,9593961,9735941,10122849,10355058,10679766,11763596,12379212,13216625,14009275,15154047,15574369,16400030,17173644,17910227,19125723,19496880,20770544,21685226,22350296,24015175,26072167,28052041,30362708,32646839,34730541,33926624,35670871,38082705,40436886,40785993,42901443,44583320,45283300,48003346,50352020,53402305,58241471,65539579,69666473,74870399,78741553
 "30000","Montana",7,CAINC1,2,"...","Population (persons) 1/","Number of persons",694000,697172,711037,719138,727389,737203,749208,758521,771354,784043,789167,788752,795325,803984,814029,820904,822320,813738,805064,800200,799634,800204,809680,825770,844761,861306,876553,886254,889865,892431,897507,903773,906961,911667,919630,930009,940102,952692,964706,976415,983982,990874,998243,1005475,1016046,1025126,1034544,1045768,1058073,1066610,1075495,1087230,1106522,1122095,1131302,1137233
 "30000","Montana",7,CAINC1,3,"...","Per capita personal income (dollars) 2/","Dollars",3387,3735,3920,4492,5149,5521,5978,6337,6739,7768,8299,9148,10303,10737,11157,11687,11840,12440,12862,13346,14711,15470,16323,16965,17939,18082,18710,19378,20127,21431,21723,22982,23910,24516,26114,28034,29839,31870,33841,35569,34479,35999,38150,40217,40142,41850,43095,43301,45369,47208,49654,53569,59230,62086,66181,69240
 "30001","Beaverhead, MT",7,CAINC1,1,"...","Personal income (thousands of dollars) ","Thousands of dollars",25464,28558,30645,36775,41615,42725,45490,44317,45772,56732,62656,65610,75546,79500,85743,90706,92364,98459,98791,104601,116095,124154,130058,136154,147162,150803,159307,163394,171778,181328,182468,193150,205809,205962,217873,231772,241962,241228,266394,286254,286718,296879,323991,339312,348484,375928,396656,398811,398678,418522,450379,496854,557638,572646,601075,621228
 "30001","Beaverhead, MT",7,CAINC1,2,"...","Population (persons) 1/","Number of persons",8113,8207,8227,8085,8011,8124,7974,7904,7845,8044,7919,8240,8442,8674,8717,8496,8497,8492,8460,8520,8543,8429,8487,8696,8793,8951,9168,9394,9244,9133,9184,9204,9058,9018,8924,8908,8904,9012,9028,9166,9200,9253,9197,9329,9260,9280,9228,9372,9332,9295,9342,9377,9551,9742,9889,10006
 "30001","Beaverhead, MT",7,CAINC1,3,"...","Per capita personal income (dollars) 2/","Dollars",3139,3480,3725,4549,5195,5259,5705,5607,5835,7053,7912,7962,8949,9165,9836,10676,10870,11594,11677,12277,13589,14729,15324,15657,16736,16848,17376,17393,18583,19854,19868,20985,22721,22839,24414,26018,27175,26767,29508,31230,31165,32085,35228,36372,37633,40509,42984,42553,42722,45027,48210,52986,58385,58781,60782,62086
 "30003","Big Horn, MT",7,CAINC1,1,"...","Personal income (thousands of dollars) ","Thousands of dollars",27925,31357,30260,37374,45473,50621,49596,49069,53945,70068,77590,92402,103576,99794,99506,105182,106612,109614,109833,109122,120396,126998,142185,152887,167310,163921,162213,163034,176119,183954,187922,206378,217016,214206,243524,259206,276963,266128,288280,307808,305024,317321,337364,340775,337947,350154,365109,377754,382403,393777,415337,468176,471885,491841,500532,510791
 "30003","Big Horn, MT",7,CAINC1,2,"...","Population (persons) 1/","Number of persons",10052,10063,10150,10300,10304,10500,10975,10617,10727,11342,10932,11051,10851,10961,11032,11229,11411,11446,11261,11210,11466,11313,11400,11622,11773,12074,12215,12418,12669,12673,12653,12669,12783,12713,12652,12731,12634,12540,12549,12564,12747,12912,13057,12994,13111,13337,13304,13431,13446,13296,13238,13083,12894,12858,12825,12796
 "30003","Big Horn, MT",7,CAINC1,3,"...","Per capita personal income (dollars) 2/","Dollars",2778,3116,2981,3629,4413,4821,4519,4622,5029,6178,7098,8361,9545,9104,9020,9367,9343,9577,9753,9734,10500,11226,12472,13155,14211,13576,13280,13129,13902,14515,14852,16290,16977,16849,19248,20360,21922,21222,22972,24499,23929,24576,25838,26226,25776,26254,27444,28126,28440,29616,31375,35785,36597,38252,39028,39918
 "30005","Blaine, MT",7,CAINC1,1,"...","Personal income (thousands of dollars) ","Thousands of dollars",18219,21682,22022,28784,36698,35592,35997,35733,34860,46053,43802,45918,56502,57844,60764,63973,58957,68472,70506,72217,86030,84353,89372,94938,100749,90044,92939,95646,99290,111699,111624,112790,114091,106078,117337,133109,140609,130685,149092,158233,165040,173285,184344,183962,196515,188696,193925,187640,193953,200512,204301,229178,237241,265077,268967,259236
 "30005","Blaine, MT",7,CAINC1,2,"...","Population (persons) 1/","Number of persons",6868,6740,6752,6677,6834,6656,6726,6995,7016,7309,7239,7002,7004,6959,6994,7139,7196,7042,6970,6945,6932,6685,6773,6819,6950,7054,7051,7103,7159,7101,7087,6968,6748,6769,6699,6571,6592,6536,6472,6401,6445,6513,6628,6778,6775,6889,6904,6979,7045,7110,7092,7003,6999,6956,6884,6903
 "30005","Blaine, MT",7,CAINC1,3,"...","Per capita personal income (dollars) 2/","Dollars",2653,3217,3262,4311,5370,5347,5352,5108,4969,6301,6051,6558,8067,8312,8688,8961,8193,9723,10116,10398,12411,12618,13195,13923,14496,12765,13181,13466,13869,15730,15751,16187,16907,15671,17516,20257,21330,19995,23036,24720,25607,26606,27813,27141,29006,27391,28089,26886,27531,28201,28807,32726,33896,38108,39071,37554
 "30007","Broadwater, MT",7,CAINC1,1,"...","Personal income (thousands of dollars) ","Thousands of dollars",6911,8139,8836,10576,13203,15168,14595,16560,17434,23335,24049,24355,26551,27255,30774,32195,32546,37998,37612,37995,41141,43352,48370,55858,60655,61629,64824,70228,75984,78866,82586,85209,87824,90183,97424,110404,115830,121872,141138,174669,171764,174993,191076,186421,209244,210762,215478,227112,237824,256331,287190,322820,373861,406769,448509,473390
 "30007","Broadwater, MT",7,CAINC1,2,"...","Population (persons) 1/","Number of persons",2552,2540,2583,2617,2660,2660,2757,2943,3019,3199,3271,3253,3194,3301,3411,3435,3494,3463,3465,3435,3338,3328,3381,3574,3638,3747,3976,4128,4240,4296,4364,4378,4438,4478,4562,4711,4775,4958,5089,5261,5496,5641,5771,5843,5799,5815,5912,6020,6192,6350,6548,6863,7327,7787,8063,8302
 "30007","Broadwater, MT",7,CAINC1,3,"...","Per capita personal income (dollars) 2/","Dollars",2708,3204,3421,4041,4964,5702,5294,5627,5775,7294,7352,7487,8313,8257,9022,9373,9315,10973,10855,11061,12325,13026,14306,15629,16673,16448,16304,17013,17921,18358,18924,19463,19789,20139,21356,23435,24258,24581,27734,33201,31253,31022,33110,31905,36083,36245,36448,37726,38408,40367,43859,47038,51025,52237,55626,57021
 "30009","Carbon, MT",7,CAINC1,1,"...","Personal income (thousands of dollars) ","Thousands of dollars",22138,23892,26297,32315,37938,40959,38411,40513,44970,54219,58383,67888,76966,79520,84584,91118,94606,92525,94542,101895,115121,117281,128403,139451,153638,154226,163486,176773,189457,207343,213821,224809,240729,241929,259407,298815,314318,323426,334803,347194,331265,353879,387087,420850,427807,465391,480819,489222,511743,541182,568708,613209,708399,728777,791259,820367
 "30009","Carbon, MT",7,CAINC1,2,"...","Population (persons) 1/","Number of persons",7204,7081,7135,7470,7500,7681,7794,8038,8172,8353,8400,8119,8183,8342,8582,8756,8627,8441,8218,8182,8144,8077,8001,8295,8586,8896,8953,9183,9400,9364,9495,9561,9665,9714,9747,9796,9921,9916,9973,9965,10033,10053,10037,10047,10202,10259,10184,10218,10382,10308,10314,10514,10900,11241,11426,11498
 "30009","Carbon, MT",7,CAINC1,3,"...","Per capita personal income (dollars) 2/","Dollars",3073,3374,3686,4326,5058,5333,4928,5040,5503,6491,6950,8362,9406,9532,9856,10406,10966,10961,11504,12454,14136,14520,16048,16811,17894,17337,18260,19250,20155,22143,22519,23513,24907,24905,26614,30504,31682,32617,33571,34841,33018,35201,38566,41888,41934,45364,47213,47878,49291,52501,55139,58323,64991,64832,69251,71349
 "30011","Carter, MT",7,CAINC1,1,"...","Personal income (thousands of dollars) ","Thousands of dollars",8168,7554,6202,9215,12848,9460,7768,7530,8199,12150,13666,13308,14893,12622,14319,14833,13439,19098,18998,18247,20968,19203,20824,21624,24340,20907,17800,17652,19499,21192,26303,25617,30092,23119,27964,30190,34214,27167,35579,38378,32292,33511,37898,53310,53658,59191,59145,53195,47079,48671,49477,58784,57098,64063,64150,74628
 "30011","Carter, MT",7,CAINC1,2,"...","Population (persons) 1/","Number of persons",2006,1944,1895,1915,1902,1898,1923,1889,1885,1870,1815,1795,1777,1738,1764,1729,1727,1678,1655,1597,1533,1489,1436,1482,1482,1505,1441,1444,1455,1450,1391,1335,1337,1319,1290,1284,1258,1227,1216,1172,1180,1163,1157,1195,1207,1221,1235,1280,1344,1362,1400,1407,1416,1402,1400,1399
 "30011","Carter, MT",7,CAINC1,3,"...","Per capita personal income (dollars) 2/","Dollars",4072,3886,3273,4812,6755,4984,4040,3986,4350,6497,7529,7414,8381,7262,8117,8579,7782,11381,11479,11426,13678,12897,14501,14591,16424,13892,12353,12224,13401,14615,18909,19189,22507,17528,21678,23512,27197,22141,29259,32746,27366,28814,32755,44611,44456,48477,47891,41559,35029,35735,35341,41780,40323,45694,45821,53344
 "30013","Cascade, MT",7,CAINC1,1,"...","Personal income (thousands of dollars) ","Thousands of dollars",319892,357739,384731,429950,468382,516168,558424,619187,670908,740513,798648,848176,910885,956058,1019747,1074409,1084177,1118085,1146159,1214698,1302335,1353003,1423557,1479012,1571807,1593921,1675201,1727694,1775883,1868985,1884929,1968791,2048679,2142241,2233220,2367383,2464798,2662738,2791935,2921269,2962953,3136507,3227297,3297071,3261145,3391468,3491093,3545502,3689900,3853259,3943508,4254773,4659022,4879369,5101318,5398043
 "30013","Cascade, MT",7,CAINC1,2,"...","Population (persons) 1/","Number of persons",81183,82258,84453,84842,84728,85126,84693,84869,86247,86611,84475,80627,80183,79791,80621,80318,79591,78179,77733,77681,78098,77788,78651,79727,81028,82134,82201,82429,80861,80709,80596,80318,80055,79848,79633,80198,80041,79984,80099,80529,80680,81588,82109,82332,83217,83394,83535,83532,83905,84232,84170,84411,84565,84908,84625,84523
 "30013","Cascade, MT",7,CAINC1,3,"...","Per capita personal income (dollars) 2/","Dollars",3940,4349,4556,5068,5528,6064,6594,7296,7779,8550,9454,10520,11360,11982,12649,13377,13622,14302,14745,15637,16676,17393,18100,18551,19398,19406,20379,20960,21962,23157,23387,24512,25591,26829,28044,29519,30794,33291,34856,36276,36725,38443,39305,40046,39188,40668,41792,42445,43977,45746,46852,50405,55094,57467,60281,63865
 "30015","Chouteau, MT",7,CAINC1,1,"...","Personal income (thousands of dollars) ","Thousands of dollars",27984,32673,33275,31949,55060,69781,70936,47454,37653,54187,39970,47153,71979,68834,77890,71969,54986,77109,84271,71503,105288,111898,120588,95661,144184,114045,126320,124570,115198,115894,121531,116299,109787,117926,135025,139734,140737,136235,159211,188203,156104,173433,199811,206575,214506,186792,187732,182743,169209,217732,228940,272063,238594,333313,341213,305102
 "30015","Chouteau, MT",7,CAINC1,2,"...","Population (persons) 1/","Number of persons",6564,6457,6394,6213,6027,6058,6095,6015,6138,6214,6133,6090,6072,6139,6168,6056,5924,5765,5704,5670,5491,5468,5530,5665,5613,5760,5848,5922,5860,5894,5846,6062,5899,5811,5775,5729,5708,5709,5746,5774,5793,5815,5835,5975,5916,5982,5876,5898,5875,5915,5856,5917,5939,5917,5877,5880
 "30015","Chouteau, MT",7,CAINC1,3,"...","Per capita personal income (dollars) 2/","Dollars",4263,5060,5204,5142,9136,11519,11638,7889,6134,8720,6517,7743,11854,11213,12628,11884,9282,13375,14774,12611,19175,20464,21806,16886,25688,19799,21601,21035,19658,19663,20789,19185,18611,20294,23381,24391,24656,23863,27708,32595,26947,29825,34244,34573,36259,31226,31949,30984,28802,36810,39095,45980,40174,56331,58059,51888
 "30017","Custer, MT",7,CAINC1,1,"...","Personal income (thousands of dollars) ","Thousands of dollars",46475,47934,51518,57974,65919,72696,78115,86210,95732,112334,122718,138845,145551,154014,161027,171265,167697,162597,159532,164794,177452,184192,194726,208613,221786,222058,226415,227855,234611,243019,240827,255045,270524,270001,296649,306780,317038,337189,365111,381614,368748,411680,423989,453918,469118,491488,505103,481804,496306,507842,528846,568125,602493,647118,658406,705221
 "30017","Custer, MT",7,CAINC1,2,"...","Population (persons) 1/","Number of persons",12296,12136,11989,11811,11760,12043,12105,12901,13040,12880,13171,13107,13072,13080,13207,13242,13077,12799,12692,12337,11861,11684,11626,11785,11983,12060,12085,12114,12042,11965,11782,11678,11484,11510,11438,11510,11423,11395,11480,11515,11646,11704,11823,11920,12051,12241,12368,12166,12114,12001,11837,11863,11961,12005,12013,11964
 "30017","Custer, MT",7,CAINC1,3,"...","Per capita personal income (dollars) 2/","Dollars",3780,3950,4297,4908,5605,6036,6453,6682,7341,8722,9317,10593,11135,11775,12193,12933,12824,12704,12569,13358,14961,15764,16749,17702,18508,18413,18735,18809,19483,20311,20440,21840,23557,23458,25935,26653,27754,29591,31804,33141,31663,35174,35861,38080,38928,40151,40840,39602,40970,42317,44677,47890,50371,53904,54808,58945
 "30019","Daniels, MT",7,CAINC1,1,"...","Personal income (thousands of dollars) ","Thousands of dollars",11826,14654,13345,19440,27638,23394,26477,22449,21846,24922,20220,23997,31522,36480,29713,28376,26147,36278,33924,31769,35981,36165,39091,42119,47304,44640,48772,49732,49528,50554,56451,54979,52694,50849,51550,55902,54427,45676,62218,54934,65272,88616,75506,107783,98822,84334,81224,75564,82336,81399,80979,94718,98742,106790,98377,99692
 "30019","Daniels, MT",7,CAINC1,2,"...","Population (persons) 1/","Number of persons",3144,3065,3018,3016,2999,2982,3007,3001,2972,2907,2855,2830,2806,2775,2754,2688,2609,2479,2465,2406,2344,2246,2151,2152,2149,2162,2168,2149,2098,2053,2041,2005,1999,1912,1881,1804,1782,1748,1702,1704,1732,1749,1762,1777,1781,1802,1756,1736,1727,1714,1655,1653,1671,1644,1626,1625
 "30019","Daniels, MT",7,CAINC1,3,"...","Per capita personal income (dollars) 2/","Dollars",3761,4781,4422,6446,9216,7845,8805,7481,7351,8573,7082,8480,11234,13146,10789,10557,10022,14634,13762,13204,15350,16102,18173,19572,22012,20648,22496,23142,23607,24624,27659,27421,26360,26595,27406,30988,30543,26130,36556,32238,37686,50667,42852,60654,55487,46800,46255,43528,47676,47491,48930,57301,59092,64957,60502,61349
 "30021","Dawson, MT",7,CAINC1,1,"...","Personal income (thousands of dollars) ","Thousands of dollars",37209,40324,40168,48533,63130,63719,67868,70479,76649,92672,100716,118435,145518,149945,140949,142558,135101,128045,128912,125132,131613,131853,141880,148899,152184,155607,158097,171167,170188,175669,184080,183765,199088,195446,211628,209407,228098,240979,268682,299554,288656,307646,337951,384724,391119,426920,399234,368509,386035,405563,399591,414009,432801,452434,466863,482357
 "30021","Dawson, MT",7,CAINC1,2,"...","Population (persons) 1/","Number of persons",11376,11251,11304,11122,11048,11033,10968,11662,11748,11873,11884,11824,11876,12414,12274,11844,11448,10934,10453,10244,9950,9410,9334,9135,9131,9142,9249,9324,9281,9140,9071,9050,8963,8801,8812,8764,8800,8853,8944,8925,9008,8961,9075,9318,9506,9668,9776,9500,9221,8974,8964,8922,8859,8801,8820,8731
 "30021","Dawson, MT",7,CAINC1,3,"...","Per capita personal income (dollars) 2/","Dollars",3271,3584,3553,4364,5714,5775,6188,6043,6524,7805,8475,10016,12253,12079,11484,12036,11801,11711,12333,12215,13227,14012,15200,16300,16667,17021,17093,18358,18337,19220,20293,20306,22212,22207,24016,23894,25920,27220,30040,33563,32044,34332,37240,41288,41144,44158,40838,38790,41865,45193,44577,46403,48854,51407,52932,55246
 "30023","Deer Lodge, MT",7,CAINC1,1,"...","Personal income (thousands of dollars) ","Thousands of dollars",42816,48378,48342,56284,61748,72130,77197,80882,83738,87582,93873,93696,98154,97939,104884,110679,112772,114091,115834,114991,124276,130431,135163,142597,156081,154575,163869,167449,175736,180486,179509,189841,192226,195676,209638,218374,223413,235774,252704,268795,270769,284290,292730,299429,304828,313672,321872,330177,343567,353578,377173,410349,449352,464513,500667,526000
 "30023","Deer Lodge, MT",7,CAINC1,2,"...","Population (persons) 1/","Number of persons",15936,15677,15838,15927,15437,15171,15067,14580,14303,13479,12941,12352,11664,11386,11211,11019,10937,10678,10517,10411,10371,10335,10164,10049,10076,10102,10070,9899,9834,9779,9529,9409,9303,9238,9189,9274,9274,9180,9264,9351,9260,9296,9307,9266,9329,9210,9221,9196,9268,9325,9393,9423,9522,9541,9685,9811
 "30023","Deer Lodge, MT",7,CAINC1,3,"...","Per capita personal income (dollars) 2/","Dollars",2687,3086,3052,3534,4000,4754,5124,5547,5855,6498,7254,7585,8415,8602,9355,10044,10311,10685,11014,11045,11983,12620,13298,14190,15490,15301,16273,16916,17870,18456,18838,20177,20663,21182,22814,23547,24090,25683,27278,28745,29241,30582,31453,32315,32675,34058,34906,35904,37070,37917,40155,43548,47191,48686,51695,53613
 "30025","Fallon, MT",7,CAINC1,1,"...","Personal income (thousands of dollars) ","Thousands of dollars",12908,13526,13211,16759,20831,23106,22025,23331,25026,31175,34181,40974,45213,44874,42225,44551,42889,41189,40339,38390,44624,43741,46019,48094,51720,49531,48704,52336,60031,60921,59170,58470,67071,62801,71466,75668,90176,91437,103520,116224,119504,129066,140008,168744,168104,171261,163632,142404,142576,140975,141847,146686,151454,157177,166684,171937
 "30025","Fallon, MT",7,CAINC1,2,"...","Population (persons) 1/","Number of persons",4053,4059,4088,3893,3860,3827,3947,3924,3970,3968,3864,3760,3745,3773,3793,3711,3708,3579,3433,3295,3233,3070,3088,2995,2970,3040,2983,2992,3020,2987,2918,2816,2741,2725,2769,2773,2712,2722,2768,2807,2882,2894,2955,3070,3112,3196,3277,3222,3157,3090,3063,3029,3011,3047,2999,2946
 "30025","Fallon, MT",7,CAINC1,3,"...","Per capita personal income (dollars) 2/","Dollars",3185,3332,3232,4305,5397,6038,5580,5946,6304,7857,8846,10897,12073,11893,11132,12005,11567,11509,11750,11651,13803,14248,14903,16058,17414,16293,16327,17492,19878,20395,20278,20763,24470,23046,25809,27287,33251,33592,37399,41405,41466,44598,47380,54965,54018,53586,49933,44197,45162,45623,46310,48427,50300,51584,55580,58363
 "30027","Fergus, MT",7,CAINC1,1,"...","Personal income (thousands of dollars) ","Thousands of dollars",44622,48187,50997,55990,70560,72006,73781,76419,83484,106484,106797,115520,131534,129442,135840,139990,137809,152135,156851,149629,178533,184827,192698,195270,208501,202475,208340,217991,228053,238830,239019,250439,267340,262234,280323,298021,312995,323056,364618,382357,366756,390952,405733,428582,430245,424439,430250,438993,436789,460443,497617,523289,571055,627756,656288,673779
 "30027","Fergus, MT",7,CAINC1,2,"...","Population (persons) 1/","Number of persons",12768,12625,12642,12503,12320,12419,12601,12636,12718,12821,13022,13075,13048,13026,12916,12853,12898,12620,12420,12210,12165,12080,12307,12395,12369,12519,12562,12528,12335,12125,11979,11902,11736,11666,11565,11546,11444,11501,11463,11448,11571,11594,11506,11471,11581,11482,11495,11547,11529,11371,11349,11470,11619,11669,11816,11862
 "30027","Fergus, MT",7,CAINC1,3,"...","Per capita personal income (dollars) 2/","Dollars",3495,3817,4034,4478,5727,5798,5855,6048,6564,8305,8201,8835,10081,9937,10517,10892,10685,12055,12629,12255,14676,15300,15658,15754,16857,16173,16585,17400,18488,19697,19953,21042,22779,22478,24239,25812,27350,28089,31808,33399,31696,33720,35263,37362,37151,36966,37429,38018,37886,40493,43847,45622,49148,53797,55542,56801
 "30029","Flathead, MT",7,CAINC1,1,"...","Personal income (thousands of dollars) ","Thousands of dollars",131594,140931,156255,175167,201479,227640,254960,295610,337171,394680,446654,480859,519371,543259,594839,662035,690180,715400,733142,790867,868287,931574,1000207,1095366,1202447,1253455,1343171,1423285,1489241,1665920,1642464,1793835,1957480,2030826,2158021,2364728,2580118,2899415,3097611,3204174,3016374,3223889,3310390,3533986,3614964,3849680,4129343,4342300,4620624,4870019,5207869,5824685,6749090,7324723,7924726,8456962
 "30029","Flathead, MT",7,CAINC1,2,"...","Population (persons) 1/","Number of persons",38936,39716,40897,41191,41801,42880,44945,46198,47504,49831,51508,52076,52407,52662,53869,56075,57662,57767,57337,57608,58437,59545,60899,62949,65410,67593,69876,71464,72288,72541,73626,74774,76171,77583,79643,81247,83320,85759,88245,90260,90910,90836,91149,91390,92641,94189,95380,97235,99500,101221,102894,104881,108790,111783,113495,114527
 "30029","Flathead, MT",7,CAINC1,3,"...","Per capita personal income (dollars) 2/","Dollars",3380,3548,3821,4253,4820,5309,5673,6399,7098,7920,8672,9234,9910,10316,11042,11806,11969,12384,12787,13728,14859,15645,16424,17401,18383,18544,19222,19916,20601,22965,22308,23990,25698,26176,27096,29105,30966,33809,35102,35499,33180,35491,36318,38669,39021,40872,43294,44658,46438,48113,50614,55536,62038,65526,69824,73843
 "30031","Gallatin, MT",7,CAINC1,1,"...","Personal income (thousands of dollars) ","Thousands of dollars",89855,106094,115366,135575,159835,180463,195315,223171,248320,289549,317656,358053,409184,451690,485429,531333,560945,583807,600800,642304,717865,791400,861788,934843,1020592,1098772,1193345,1293113,1368216,1514132,1567416,1726190,1679854,1763268,2061116,2444610,2749871,3105589,3330890,3417904,3220265,3413081,3700273,4017911,4168140,4589818,4959694,5248769,5780858,6277200,6903641,7649298,9356356,10318425,11311107,12009228
 "30031","Gallatin, MT",7,CAINC1,2,"...","Population (persons) 1/","Number of persons",31973,32754,33953,35374,36069,37175,37902,38224,39559,40823,42007,43120,44050,45372,46365,47673,48994,49104,48884,48817,49546,50811,52588,54628,56739,58879,60644,61790,63143,64806,66437,68375,70120,71824,74504,77124,80310,83984,86620,88932,89187,89729,91748,93231,95758,98770,102452,106677,110796,114092,116955,119607,123119,124733,125929,126984
 "30031","Gallatin, MT",7,CAINC1,3,"...","Per capita personal income (dollars) 2/","Dollars",2810,3239,3398,3833,4431,4854,5153,5839,6277,7093,7562,8304,9289,9955,10470,11145,11449,11889,12290,13157,14489,15575,16388,17113,17987,18662,19678,20928,21669,23364,23593,25246,23957,24550,27665,31697,34241,36978,38454,38433,36107,38038,40331,43096,43528,46470,48410,49202,52176,55019,59028,63954,75994,82724,89821,94573
 "30033","Garfield, MT",7,CAINC1,1,"...","Personal income (thousands of dollars) ","Thousands of dollars",8611,8329,7155,9739,14064,11095,10811,9384,8991,14460,12013,12814,18529,17394,17229,15282,14155,19956,19947,18493,20738,21568,23111,21812,26188,22322,18623,19411,21034,23192,26106,23875,29513,24885,30739,29720,34012,28022,32296,33515,29744,35704,40750,43128,43015,42646,45513,39761,38852,42742,41181,49353,45314,62300,60597,53706
 "30033","Garfield, MT",7,CAINC1,2,"...","Population (persons) 1/","Number of persons",1815,1796,1829,1711,1765,1694,1779,1827,1843,1845,1737,1657,1661,1656,1657,1681,1650,1595,1584,1613,1600,1584,1487,1414,1404,1387,1351,1354,1363,1324,1313,1268,1269,1258,1254,1236,1202,1233,1234,1205,1240,1189,1241,1222,1222,1232,1231,1233,1207,1181,1181,1171,1206,1221,1216,1181
 "30033","Garfield, MT",7,CAINC1,3,"...","Per capita personal income (dollars) 2/","Dollars",4744,4638,3912,5692,7968,6550,6077,5136,4878,7837,6916,7733,11155,10504,10398,9091,8579,12512,12593,11465,12961,13616,15542,15426,18652,16094,13785,14336,15432,17517,19883,18829,23257,19781,24513,24045,28296,22727,26172,27813,23987,30029,32836,35293,35200,34615,36972,32247,32189,36191,34870,42146,37574,51024,49833,45475
 "30035","Glacier, MT",7,CAINC1,1,"...","Personal income (thousands of dollars) ","Thousands of dollars",32798,36207,40174,49674,50971,60709,72556,80761,72810,90690,89093,102556,106705,112826,114779,113287,112258,119581,124992,123279,147561,138905,156665,159751,172489,173034,176831,188365,189953,205636,202779,217333,234596,241743,261984,302418,320898,341588,344371,375859,382464,396936,417162,425941,423618,422052,423689,441753,438914,474079,513686,565313,572217,631270,669121,666654
 "30035","Glacier, MT",7,CAINC1,2,"...","Population (persons) 1/","Number of persons",10883,10823,10878,10685,10980,10750,10456,10207,10118,10588,10379,10599,10464,10817,11239,11628,11645,11626,11764,11861,12034,12158,12121,12333,12487,12706,12926,13129,13185,13169,13280,13183,13098,13101,13168,13388,13264,13250,13179,13109,13266,13424,13595,13700,13835,13766,13715,13788,13823,13904,13820,13744,13723,13637,13577,13503
 "30035","Glacier, MT",7,CAINC1,3,"...","Per capita personal income (dollars) 2/","Dollars",3014,3345,3693,4649,4642,5647,6939,7912,7196,8565,8584,9676,10197,10430,10213,9743,9640,10286,10625,10394,12262,11425,12925,12953,13813,13618,13680,14347,14407,15615,15270,16486,17911,18452,19896,22589,24193,25780,26130,28672,28830,29569,30685,31091,30619,30659,30892,32039,31752,34097,37170,41132,41698,46291,49283,49371
 "30037","Golden Valley, MT",7,CAINC1,1,"...","Personal income (thousands of dollars) ","Thousands of dollars",3276,3372,3891,4650,6122,5453,4124,4234,5171,6169,6474,7121,9397,9388,8859,10233,9532,12345,12631,10518,12724,11853,12762,13990,15004,13861,14786,15172,16668,18117,17884,18373,20896,18713,21707,23637,27399,27137,31055,36406,29728,32100,35527,38324,38565,39555,43851,39767,37025,40011,41056,46189,54570,46287,51051,51122
 "30037","Golden Valley, MT",7,CAINC1,2,"...","Population (persons) 1/","Number of persons",959,905,839,854,913,910,908,903,901,1004,1000,1038,1085,1062,1044,1048,1062,1024,1009,984,917,911,907,914,964,966,992,1012,1057,1057,1088,1019,992,1012,981,1001,1014,973,964,890,897,879,830,826,845,839,816,808,814,822,824,821,816,838,867,863
 "30037","Golden Valley, MT",7,CAINC1,3,"...","Per capita personal income (dollars) 2/","Dollars",3416,3726,4638,5445,6705,5992,4542,4689,5739,6144,6474,6860,8661,8840,8486,9764,8976,12056,12518,10689,13876,13011,14071,15306,15564,14349,14905,14992,15769,17140,16438,18030,21065,18491,22127,23613,27021,27890,32215,40906,33142,36519,42804,46397,45639,47145,53739,49217,45485,48675,49825,56259,66875,55235,58882,59238
 "30039","Granite, MT",7,CAINC1,1,"...","Personal income (thousands of dollars) ","Thousands of dollars",7314,8054,9581,11398,13704,14284,13110,14475,14754,18246,20358,21728,23955,25125,26653,28037,27580,28533,27858,30465,34057,35265,39007,41075,44031,44242,42762,44183,49237,51892,52219,54330,56941,59677,64446,66902,72563,76153,83057,92418,92171,98584,107762,116012,117273,120799,129193,132382,139949,144156,151788,169823,204113,181487,196396,209845
 "30039","Granite, MT",7,CAINC1,2,"...","Population (persons) 1/","Number of persons",2768,2729,2677,2613,2675,2691,2714,2724,2710,2712,2718,2698,2684,2648,2696,2685,2694,2624,2584,2637,2621,2528,2529,2562,2644,2710,2687,2717,2767,2795,2786,2849,2905,2919,2931,2943,3009,3013,3039,3031,3057,3072,3073,3033,3058,3132,3144,3258,3322,3331,3308,3306,3354,3482,3565,3602
 "30039","Granite, MT",7,CAINC1,3,"...","Per capita personal income (dollars) 2/","Dollars",2642,2951,3579,4362,5123,5308,4831,5314,5444,6728,7490,8053,8925,9488,9886,10442,10238,10874,10781,11553,12994,13950,15424,16032,16653,16325,15914,16262,17794,18566,18743,19070,19601,20444,21988,22733,24115,25275,27330,30491,30151,32091,35067,38250,38350,38569,41092,40633,42128,43277,45885,51368,60857,52121,55090,58258
 "30041","Hill, MT",7,CAINC1,1,"...","Personal income (thousands of dollars) ","Thousands of dollars",59983,69799,72165,80825,99227,114235,133319,124482,125058,153302,148380,165653,196046,203650,217063,211056,206723,226935,237873,215212,254193,281624,301130,286486,326564,316149,335706,350815,342603,360145,358913,370799,380232,395789,446297,467276,487803,500553,531531,558749,542603,573466,646226,656071,649074,640072,678466,667213,687387,734166,749606,801149,840437,878927,924756,918074
 "30041","Hill, MT",7,CAINC1,2,"...","Population (persons) 1/","Number of persons",17475,17461,17900,17940,17486,17506,17820,18087,18211,18308,18050,18053,18291,18440,18375,18169,17847,17666,17618,17519,17587,17667,17629,17714,17441,17297,17440,17384,17235,17101,16815,16605,16378,16139,15988,15947,15870,15981,16031,15889,15981,16149,16380,16375,16505,16462,16388,16384,16403,16278,16411,16253,16207,16069,16181,16065
 "30041","Hill, MT",7,CAINC1,3,"...","Per capita personal income (dollars) 2/","Dollars",3433,3997,4032,4505,5675,6525,7481,6882,6867,8373,8220,9176,10718,11044,11813,11616,11583,12846,13502,12284,14453,15941,17082,16173,18724,18278,19249,20180,19878,21060,21345,22331,23216,24524,27914,29302,30737,31322,33156,35166,33953,35511,39452,40065,39326,38882,41400,40723,41906,45102,45677,49292,51856,54697,57151,57147
 "30043","Jefferson, MT",7,CAINC1,1,"...","Personal income (thousands of dollars) ","Thousands of dollars",14717,16401,19139,22404,26670,29508,34091,39501,44511,52201,58065,65874,73755,83987,89242,97351,103550,107283,116847,118323,128727,136232,143578,159889,169040,178095,188168,202209,209111,222520,227507,248853,252747,262494,279407,297962,319228,343360,374818,409279,405163,435897,466016,476349,479619,498270,512394,527814,558247,571244,607894,654826,740066,778108,848092,908604
 "30043","Jefferson, MT",7,CAINC1,2,"...","Population (persons) 1/","Number of persons",5157,5288,5421,6061,6239,6491,6413,6447,6699,7073,7237,7075,7245,7353,7601,7732,7709,7654,7771,7805,7836,7992,8082,8196,8483,8850,9093,9411,9543,9782,9973,10052,10087,10181,10262,10511,10709,10801,11040,11203,11364,11399,11340,11260,11371,11393,11437,11610,11728,11867,11968,12142,12472,12864,13086,13304
 "30043","Jefferson, MT",7,CAINC1,3,"...","Per capita personal income (dollars) 2/","Dollars",2854,3102,3531,3696,4275,4546,5316,6127,6644,7380,8023,9311,10180,11422,11741,12591,13432,14017,15036,15160,16428,17046,17765,19508,19927,20124,20694,21486,21913,22748,22812,24757,25057,25783,27227,28348,29809,31790,33951,36533,35653,38240,41095,42305,42179,43735,44801,45462,47600,48137,50793,53931,59338,60487,64809,68296
 "30045","Judith Basin, MT",7,CAINC1,1,"...","Personal income (thousands of dollars) ","Thousands of dollars",10417,11046,11961,15744,20138,17758,16224,13361,13861,18483,16957,18420,21450,22047,24040,25753,21660,27586,29498,24787,37295,36614,43350,42211,48123,36872,37115,35226,39176,41862,41598,42668,44635,39299,43661,49927,51866,44451,53982,63754,60309,69126,75992,84382,79709,82570,92321,87442,81990,89691,96773,107226,96988,124521,125931,124788
 "30045","Judith Basin, MT",7,CAINC1,2,"...","Population (persons) 1/","Number of persons",2712,2673,2663,2530,2576,2567,2607,2606,2710,2767,2679,2662,2719,2640,2667,2622,2585,2494,2436,2377,2323,2277,2277,2267,2263,2242,2278,2309,2333,2314,2301,2330,2266,2246,2201,2196,2161,2146,2083,2071,2076,2075,2013,2010,2008,1992,1942,1955,1957,1964,2027,2023,2041,2082,2099,2111
 "30045","Judith Basin, MT",7,CAINC1,3,"...","Per capita personal income (dollars) 2/","Dollars",3841,4132,4492,6223,7818,6918,6223,5127,5115,6680,6330,6920,7889,8351,9014,9822,8379,11061,12109,10428,16055,16080,19038,18620,21265,16446,16293,15256,16792,18091,18078,18312,19698,17497,19837,22735,24001,20713,25916,30784,29051,33314,37751,41981,39696,41451,47539,44727,41896,45668,47742,53003,47520,59808,59996,59113
 "30047","Lake, MT",7,CAINC1,1,"...","Personal income (thousands of dollars) ","Thousands of dollars",36907,38945,45314,52950,63106,71049,74339,81317,91386,111491,120598,133924,150779,165455,176981,192652,211076,224355,226377,239141,262825,280799,297217,321825,353004,371530,385145,408696,441272,455003,467761,498645,512259,529596,567836,621977,661196,718449,771860,794910,776688,823857,857238,909966,902421,984875,1008863,1047004,1152443,1178345,1229489,1357003,1537315,1555875,1691602,1796341
 "30047","Lake, MT",7,CAINC1,2,"...","Population (persons) 1/","Number of persons",14346,14592,15230,15482,15917,16583,17298,17675,17951,18432,18584,19101,19240,19509,19821,20376,20823,20644,20595,20773,21102,21048,21589,22075,22998,23678,24459,25026,25493,25658,26078,26588,26810,26814,27117,27634,28023,28283,28235,28515,28668,28797,29012,29072,29213,29333,29602,29865,30443,30535,30798,31247,32081,32821,33255,33403
 "30047","Lake, MT",7,CAINC1,3,"...","Per capita personal income (dollars) 2/","Dollars",2573,2669,2975,3420,3965,4284,4298,4601,5091,6049,6489,7011,7837,8481,8929,9455,10137,10868,10992,11512,12455,13341,13767,14579,15349,15691,15747,16331,17310,17733,17937,18755,19107,19751,20940,22508,23595,25402,27337,27877,27093,28609,29548,31300,30891,33576,34081,35058,37856,38590,39921,43428,47920,47405,50868,53778
 "30049","Lewis and Clark, MT",7,CAINC1,1,"...","Personal income (thousands of dollars) ","Thousands of dollars",132333,148756,164808,181060,200046,223465,257871,292516,329256,370684,403994,451754,505439,542876,573306,610728,642931,652592,675617,716932,758133,807762,861837,924596,989394,1053949,1127057,1188113,1215861,1296973,1344022,1438525,1536608,1602676,1651422,1748297,1950591,2201395,2337106,2438100,2386065,2549188,2661906,2728506,2725842,2885969,2947375,3048475,3217679,3307268,3516553,3828060,4260069,4374447,4771652,5062987
 "30049","Lewis and Clark, MT",7,CAINC1,2,"...","Population (persons) 1/","Number of persons",32811,33455,34361,35102,36105,36588,37345,38466,40262,41688,42499,43284,44173,44767,45564,46159,46912,47112,47518,47337,47322,47586,48393,49808,51150,52007,53318,54047,54186,54621,55214,55886,56262,56271,57110,58041,58529,59529,60646,61747,62671,63599,64392,64954,65558,66131,66761,67541,68614,69488,70377,71179,72517,73681,74812,75129
 "30049","Lewis and Clark, MT",7,CAINC1,3,"...","Per capita personal income (dollars) 2/","Dollars",4033,4446,4796,5158,5541,6108,6905,7605,8178,8892,9506,10437,11442,12127,12582,13231,13705,13852,14218,15145,16021,16975,17809,18563,19343,20266,21138,21983,22439,23745,24342,25740,27312,28481,28917,30122,33327,36980,38537,39485,38073,40082,41339,42007,41579,43640,44148,45135,46895,47595,49967,53781,58746,59370,63782,67391
 "30051","Liberty, MT",7,CAINC1,1,"...","Personal income (thousands of dollars) ","Thousands of dollars",10912,14291,14027,17645,18103,18868,23893,20683,17199,21312,18367,22361,29449,29365,32281,25518,23673,33808,34064,25613,41203,46056,48129,40422,60595,43495,47991,47054,43300,43013,41853,41112,38851,41984,48925,46342,52677,52000,58155,68114,66370,78003,84666,85003,98419,87451,95007,82017,78481,92692,111459,123412,111400,138718,149163,131588
 "30051","Liberty, MT",7,CAINC1,2,"...","Population (persons) 1/","Number of persons",2386,2367,2411,2387,2318,2234,2356,2333,2464,2401,2363,2338,2375,2406,2428,2453,2392,2326,2375,2407,2315,2287,2256,2243,2222,2233,2249,2303,2304,2268,2192,2168,2163,2144,2212,2263,2266,2216,2236,2225,2283,2338,2329,2301,2227,2173,2174,2151,2110,2094,1998,1958,1937,1972,1959,1934
 "30051","Liberty, MT",7,CAINC1,3,"...","Per capita personal income (dollars) 2/","Dollars",4573,6038,5818,7392,7810,8446,10141,8865,6980,8876,7773,9564,12400,12205,13295,10403,9897,14535,14343,10641,17798,20138,21334,18021,27270,19478,21339,20432,18793,18965,19094,18963,17962,19582,22118,20478,23247,23466,26008,30613,29071,33363,36353,36942,44194,40244,43701,38130,37195,44266,55785,63030,57512,70344,76142,68039
 "30053","Lincoln, MT",7,CAINC1,1,"...","Personal income (thousands of dollars) ","Thousands of dollars",60498,62088,67321,71853,74846,77537,83482,93189,104456,122859,130241,132578,150349,154708,170593,177456,182297,184143,180217,204466,217345,225738,234443,250210,265230,281293,266505,277249,291427,308659,313398,333934,342827,359045,384113,400369,419063,461158,497186,522739,522415,541892,554894,565430,570455,609681,631642,645056,671867,712840,753969,828345,934142,982737,1039634,1113540
 "30053","Lincoln, MT",7,CAINC1,2,"...","Population (persons) 1/","Number of persons",17585,18065,18138,17986,17714,16869,16682,16754,16956,17468,17928,17779,17854,17967,18285,18712,18634,18277,18019,17834,17569,17499,17561,17631,18279,18429,18726,18818,18792,18773,18837,18818,18646,18669,18861,18991,19180,19228,19440,19541,19657,19678,19552,19356,19237,18947,18763,18948,19144,19356,19531,19744,20597,21485,21867,22184
 "30053","Lincoln, MT",7,CAINC1,3,"...","Per capita personal income (dollars) 2/","Dollars",3440,3437,3712,3995,4225,4596,5004,5562,6160,7033,7265,7457,8421,8611,9330,9484,9783,10075,10001,11465,12371,12900,13350,14191,14510,15264,14232,14733,15508,16442,16637,17745,18386,19232,20365,21082,21849,23984,25575,26751,26577,27538,28380,29212,29654,32178,33664,34043,35095,36828,38604,41954,45353,45741,47544,50196
 "30055","McCone, MT",7,CAINC1,1,"...","Personal income (thousands of dollars) ","Thousands of dollars",9663,10887,9966,13707,27786,21132,23158,17999,17207,22422,18039,21120,28080,29974,26589,25496,21552,29370,28176,22666,29689,28111,32086,35392,37570,33285,30618,34094,34389,37792,40355,39081,37952,33137,40123,41960,43153,37185,47367,49672,45974,60651,52805,64856,76033,69855,65992,63683,63920,60582,64780,75338,92071,93170,84761,78344
 "30055","McCone, MT",7,CAINC1,2,"...","Population (persons) 1/","Number of persons",2919,2860,2796,2730,2796,2692,2725,2752,2756,2722,2711,2714,2759,2819,2779,2647,2549,2537,2453,2412,2361,2259,2189,2128,2167,2179,2169,2127,2099,2041,2015,1960,1874,1828,1797,1781,1778,1765,1767,1720,1705,1747,1718,1716,1737,1742,1735,1772,1746,1713,1713,1729,1710,1712,1684,1717
 "30055","McCone, MT",7,CAINC1,3,"...","Per capita personal income (dollars) 2/","Dollars",3310,3807,3564,5021,9938,7850,8498,6540,6243,8237,6654,7782,10178,10633,9568,9632,8455,11577,11486,9397,12575,12444,14658,16632,17337,15275,14116,16029,16384,18516,20027,19939,20252,18127,22328,23560,24271,21068,26806,28879,26964,34717,30736,37795,43773,40100,38036,35938,36609,35366,37817,43573,53843,54422,50333,45628
 "30057","Madison, MT",7,CAINC1,1,"...","Personal income (thousands of dollars) ","Thousands of dollars",14094,15012,16017,19577,24115,24466,25129,26958,28124,36230,41693,42537,50910,51118,52902,58465,58499,64339,63674,65947,76845,80210,83791,87558,96981,97270,103652,107253,113006,120956,127276,135101,157739,157748,171440,198091,220247,241543,261755,279590,275519,265799,301258,292889,308897,333464,353481,365166,411443,432176,559010,588564,716038,664149,728469,769618
 "30057","Madison, MT",7,CAINC1,2,"...","Population (persons) 1/","Number of persons",5043,5049,5194,5508,5329,5482,5583,5444,5430,5509,5531,5501,5703,5820,5899,5901,5877,5867,5913,5875,5942,5994,6091,6037,6150,6348,6643,6668,6787,6759,6801,6870,6856,6935,6894,6999,7211,7343,7560,7674,7674,7689,7608,7600,7586,7711,7883,7896,8073,8351,8485,8661,8954,9237,9509,9753
 "30057","Madison, MT",7,CAINC1,3,"...","Per capita personal income (dollars) 2/","Dollars",2795,2973,3084,3554,4525,4463,4501,4952,5179,6577,7538,7733,8927,8783,8968,9908,9954,10966,10768,11225,12933,13382,13757,14504,15769,15323,15603,16085,16650,17896,18714,19665,23007,22747,24868,28303,30543,32894,34624,36433,35903,34569,39598,38538,40719,43245,44841,46247,50965,51751,65882,67956,79969,71901,76608,78911
 "30059","Meagher, MT",7,CAINC1,1,"...","Personal income (thousands of dollars) ","Thousands of dollars",6613,7310,7691,10248,11882,11253,9297,10047,11772,15423,16607,15859,19211,21066,19819,19728,17666,24032,22844,22926,25440,27899,29693,30197,33574,30179,30819,31241,34948,35343,37641,37151,38658,38501,42216,46930,51162,50733,53732,56842,59591,63918,74234,72547,71172,72997,76736,72141,72056,78869,83761,92241,95997,111078,120547,125445
 "30059","Meagher, MT",7,CAINC1,2,"...","Population (persons) 1/","Number of persons",2171,2117,2116,2232,2116,2106,2248,2208,2223,2315,2300,2155,2159,2202,2255,2167,2075,2008,1962,1854,1821,1824,1847,1840,1870,1891,1893,1891,1914,1927,1929,1916,1906,1895,1913,1935,1899,1923,1908,1893,1897,1880,1889,1907,1935,1896,1871,1909,1923,1923,1926,1924,1963,2025,2057,2065
 "30059","Meagher, MT",7,CAINC1,3,"...","Per capita personal income (dollars) 2/","Dollars",3046,3453,3635,4591,5615,5343,4136,4550,5296,6662,7220,7359,8898,9567,8789,9104,8514,11968,11643,12366,13970,15296,16076,16411,17954,15959,16281,16521,18259,18341,19513,19390,20282,20317,22068,24253,26942,26382,28161,30027,31413,33999,39298,38042,36781,38501,41013,37790,37471,41014,43490,47942,48903,54853,58603,60748
 "30061","Mineral, MT",7,CAINC1,1,"...","Personal income (thousands of dollars) ","Thousands of dollars",9026,9619,10805,10705,14259,15710,17584,19621,20329,22597,25385,26368,29071,28755,33154,35348,35548,34420,34662,34841,37142,38520,39769,42069,45900,43584,49705,52444,54151,59508,61715,65891,73629,77582,83819,87360,93476,100809,111225,119316,121320,122790,126714,133732,138701,142309,148723,150866,162887,169601,182230,201720,228617,225025,248342,264799
 "30061","Mineral, MT",7,CAINC1,2,"...","Population (persons) 1/","Number of persons",2964,2965,3042,3233,3404,3508,3500,3452,3457,3640,3727,3655,3572,3503,3570,3758,3650,3512,3409,3301,3247,3329,3328,3448,3609,3625,3612,3726,3732,3783,3869,3877,3839,3837,3936,3985,4133,4211,4156,4177,4200,4231,4223,4134,4236,4203,4204,4140,4253,4329,4438,4568,4859,5037,5135,5195
 "30061","Mineral, MT",7,CAINC1,3,"...","Per capita personal income (dollars) 2/","Dollars",3045,3244,3552,3311,4189,4478,5024,5684,5881,6208,6811,7214,8139,8209,9287,9406,9739,9801,10168,10555,11439,11571,11950,12201,12718,12023,13761,14075,14510,15730,15951,16995,19179,20219,21295,21922,22617,23939,26763,28565,28886,29022,30006,32349,32743,33859,35377,36441,38299,39178,41061,44159,47050,44674,48363,50972
 "30063","Missoula, MT",7,CAINC1,1,"...","Personal income (thousands of dollars) ","Thousands of dollars",192724,208980,233708,263307,290502,329287,367339,421544,491819,572589,639203,694817,736851,770629,827637,907129,951777,985202,1021377,1085118,1161529,1254739,1334910,1463457,1571072,1664757,1778196,1883174,1989456,2128375,2195500,2390388,2448105,2586915,2755362,2938318,3086823,3374020,3582220,3831446,3918320,3819128,4075649,4344170,4322745,4632529,5113177,5182221,5617529,5810701,6216581,6837657,7484293,7845599,8563378,9095732
 "30063","Missoula, MT",7,CAINC1,2,"...","Population (persons) 1/","Number of persons",56978,58472,59990,61918,64424,67007,67056,69539,70970,72226,74088,76115,76352,75242,75571,76875,77774,77949,77680,77564,77995,79080,81098,83549,86243,88037,90413,91947,93151,93847,94791,96178,97435,98968,99976,100934,102298,104372,106110,107747,108717,109387,109851,110349,110898,111499,112521,114490,115636,116192,116963,118353,119857,120931,121672,122546
 "30063","Missoula, MT",7,CAINC1,3,"...","Per capita personal income (dollars) 2/","Dollars",3382,3574,3896,4253,4509,4914,5478,6062,6930,7928,8628,9129,9651,10242,10952,11800,12238,12639,13149,13990,14892,15867,16460,17516,18217,18910,19667,20481,21357,22679,23161,24854,25126,26139,27560,29111,30175,32327,33759,35560,36041,34914,37102,39368,38979,41548,45442,45264,48579,50009,53150,57773,62444,64877,70381,74223
 "30065","Musselshell, MT",7,CAINC1,1,"...","Personal income (thousands of dollars) ","Thousands of dollars",13079,13121,15668,17654,21912,23166,24603,27642,27518,35318,37929,41879,49786,50675,50390,49546,46981,45314,43935,44844,49382,50460,52091,53888,57191,59361,61528,62455,66862,66881,65641,69169,78322,80326,87649,95074,102180,106507,116317,131503,137517,148863,159385,170159,170442,181361,184869,175414,190432,201353,208197,226018,244970,255061,269791,283960
 "30065","Musselshell, MT",7,CAINC1,2,"...","Population (persons) 1/","Number of persons",3817,3726,3704,3898,4045,4130,4183,4377,4582,4613,4565,4474,4653,4708,4790,4785,4759,4569,4450,4295,4122,4105,4126,4081,4179,4347,4445,4612,4518,4494,4499,4471,4368,4353,4361,4370,4323,4398,4394,4423,4478,4557,4758,4713,4712,4685,4677,4695,4687,4695,4708,4749,4910,5188,5377,5452
 "30065","Musselshell, MT",7,CAINC1,3,"...","Per capita personal income (dollars) 2/","Dollars",3427,3521,4230,4529,5417,5609,5882,6315,6006,7656,8309,9361,10700,10764,10520,10354,9872,9918,9873,10441,11980,12292,12625,13205,13685,13656,13842,13542,14799,14882,14590,15471,17931,18453,20098,21756,23636,24217,26472,29732,30709,32667,33498,36104,36172,38711,39527,37362,40630,42887,44222,47593,49892,49164,50175,52084
 "30067","Park, MT",7,CAINC1,1,"...","Personal income (thousands of dollars) ","Thousands of dollars",34149,38218,41746,47741,55782,60285,65379,72831,81592,95662,108933,114543,127551,132615,138287,149812,155036,156617,157091,161589,178349,188106,200435,212615,238896,259543,276268,291433,293446,309752,315130,326877,368185,374204,395069,425402,450804,487103,513774,565346,522824,542072,602837,610518,605178,654622,691126,723329,770100,820324,861713,920581,1071223,1116369,1235730,1286060
 "30067","Park, MT",7,CAINC1,2,"...","Population (persons) 1/","Number of persons",11450,11365,11810,11768,11668,11721,12044,12089,12407,12781,12966,13056,13513,13630,13838,13862,14072,13952,13187,13480,14026,14643,14458,14666,15213,15535,15724,15845,15811,15465,15595,15710,15651,15676,15539,15509,15629,15690,15828,15896,15738,15606,15568,15699,15852,16118,16250,16420,16720,17035,17029,17229,17525,17783,17938,18074
 "30067","Park, MT",7,CAINC1,3,"...","Per capita personal income (dollars) 2/","Dollars",2982,3363,3535,4057,4781,5143,5428,6025,6576,7485,8401,8773,9439,9730,9993,10807,11017,11225,11913,11987,12716,12846,13863,14497,15703,16707,17570,18393,18560,20029,20207,20807,23525,23871,25424,27429,28844,31045,32460,35565,33220,34735,38723,38889,38177,40614,42531,44052,46059,48155,50603,53432,61125,62777,68889,71155
 "30069","Petroleum, MT",7,CAINC1,1,"...","Personal income (thousands of dollars) ","Thousands of dollars",2103,2517,2721,3315,4706,3503,1814,1953,1970,2554,3167,2444,4644,3622,3850,2673,2330,4561,4148,3812,5572,6237,8760,8812,10305,7753,6386,6183,6588,7143,8101,7239,8065,6594,9503,9645,10600,9583,11057,16335,15285,13421,17600,20665,23717,23087,20834,17440,15077,16169,16934,18799,17138,21106,21933,22156
 "30069","Petroleum, MT",7,CAINC1,2,"...","Population (persons) 1/","Number of persons",696,680,687,706,671,672,674,673,673,706,671,654,648,637,623,601,579,557,534,518,521,519,508,504,513,526,512,514,508,497,494,493,490,506,506,519,492,495,470,481,488,489,491,505,505,489,476,492,513,518,498,502,520,520,543,525
 "30069","Petroleum, MT",7,CAINC1,3,"...","Per capita personal income (dollars) 2/","Dollars",3022,3701,3961,4695,7013,5213,2691,2902,2927,3618,4720,3737,7167,5686,6180,4448,4024,8189,7768,7359,10695,12017,17244,17484,20088,14740,12473,12029,12969,14372,16399,14684,16459,13032,18781,18584,21545,19360,23526,33960,31322,27446,35845,40921,46964,47213,43769,35447,29390,31214,34004,37448,32958,40588,40392,42202
 "30071","Phillips, MT",7,CAINC1,1,"...","Personal income (thousands of dollars) ","Thousands of dollars",15631,18967,18164,23586,31605,29234,29435,24923,25171,34651,33727,38720,49198,48589,49689,53983,49186,62541,69449,64164,75039,74297,77313,77161,82091,78506,78216,75183,76644,84888,82503,85347,91193,87511,97801,110307,110010,105759,120518,127567,128002,135396,146548,152532,146423,139887,146986,145188,150179,159115,163574,178669,185017,197054,199710,194479
 "30071","Phillips, MT",7,CAINC1,2,"...","Population (persons) 1/","Number of persons",5452,5387,5355,5199,5118,5183,5245,5273,5210,5241,5228,5375,5398,5424,5604,5653,5576,5357,5310,5239,5256,5150,5152,5103,5030,5009,5110,5034,4956,4826,4720,4568,4498,4383,4317,4295,4228,4166,4193,4182,4242,4260,4223,4190,4260,4301,4307,4308,4334,4293,4232,4211,4209,4223,4248,4214
 "30071","Phillips, MT",7,CAINC1,3,"...","Per capita personal income (dollars) 2/","Dollars",2867,3521,3392,4537,6175,5640,5612,4727,4831,6612,6451,7204,9114,8958,8867,9549,8821,11675,13079,12247,14277,14427,15006,15121,16320,15673,15306,14935,15465,17590,17479,18684,20274,19966,22655,25683,26019,25386,28743,30504,30175,31783,34702,36404,34372,32524,34127,33702,34651,37064,38652,42429,43957,46662,47013,46151
 "30073","Pondera, MT",7,CAINC1,1,"...","Personal income (thousands of dollars) ","Thousands of dollars",24410,30525,28689,34940,39611,35432,48859,49994,39574,53561,47033,55212,67321,67723,71739,70562,64941,80670,87895,73673,97111,102446,109933,97158,124347,105205,117319,124452,123765,125058,126283,126826,127780,134034,142314,157403,170235,179260,189790,220097,210050,225120,252416,237880,245492,240232,237096,237032,231157,255398,292337,331429,327364,379327,416791,401267
 "30073","Pondera, MT",7,CAINC1,2,"...","Population (persons) 1/","Number of persons",6712,6707,7033,7266,6984,6566,6673,6742,7300,6943,6873,6734,6738,6864,6923,6878,6747,6550,6426,6544,6564,6427,6287,6301,6249,6294,6387,6462,6611,6558,6493,6384,6360,6285,6228,6140,6148,6172,6169,6117,6109,6164,6207,6174,6250,6182,6152,6085,6025,6017,5949,5877,6017,6093,6108,6078
 "30073","Pondera, MT",7,CAINC1,3,"...","Per capita personal income (dollars) 2/","Dollars",3637,4551,4079,4809,5672,5396,7322,7415,5421,7714,6843,8199,9991,9866,10362,10259,9625,12316,13678,11258,14794,15940,17486,15419,19899,16715,18368,19259,18721,19070,19449,19866,20091,21326,22851,25636,27689,29044,30765,35981,34384,36522,40666,38529,39279,38860,38540,38953,38366,42446,49141,56394,54407,62256,68237,66020
 "30075","Powder River, MT",7,CAINC1,1,"...","Personal income (thousands of dollars) ","Thousands of dollars",10284,9976,9185,12520,16014,13696,11468,13370,15046,20204,23472,22627,26949,27270,25844,24875,23865,24464,23244,26817,27483,26945,30858,30358,33212,30765,28925,28024,29852,30166,34600,33097,37208,31595,37623,36901,39022,35051,39767,39285,39295,45601,48234,55983,60839,62751,66317,59319,55415,55805,57394,69252,66801,78776,80263,89339
 "30075","Powder River, MT",7,CAINC1,2,"...","Population (persons) 1/","Number of persons",2834,2829,2752,2482,2291,2305,2446,2531,2479,2524,2544,2513,2478,2485,2489,2505,2465,2392,2344,2284,2156,2077,2054,2054,2045,2054,2019,2005,1968,1884,1863,1847,1814,1834,1837,1789,1739,1794,1761,1756,1738,1740,1742,1760,1761,1787,1781,1762,1765,1748,1710,1693,1707,1725,1731,1734
 "30075","Powder River, MT",7,CAINC1,3,"...","Per capita personal income (dollars) 2/","Dollars",3629,3526,3338,5044,6990,5942,4688,5282,6069,8005,9226,9004,10875,10974,10383,9930,9682,10227,9916,11741,12747,12973,15023,14780,16241,14978,14326,13977,15169,16012,18572,17919,20512,17227,20481,20627,22439,19538,22582,22372,22609,26207,27689,31809,34548,35115,37236,33666,31397,31925,33564,40905,39134,45667,46368,51522
 "30077","Powell, MT",7,CAINC1,1,"...","Personal income (thousands of dollars) ","Thousands of dollars",19491,20503,23268,26997,29852,32638,35286,37422,39870,45318,49700,52724,59716,65639,69642,73408,76660,77027,74962,76822,83943,86809,94828,97920,101194,98340,103989,107930,116757,120891,120100,126545,133592,134586,142324,144769,149282,157542,163733,174103,173185,188566,201682,214073,220915,241607,262741,267647,268133,283978,313761,349894,371218,348367,391099,402395
 "30077","Powell, MT",7,CAINC1,2,"...","Population (persons) 1/","Number of persons",6708,6666,6624,6785,6806,6997,7311,7297,7214,7296,7182,6941,6861,6802,6874,6805,6904,6773,6780,6702,6582,6640,6712,6809,6806,6889,7057,7126,7122,7135,7143,7203,7033,6986,6893,6872,6997,7115,7117,7036,7093,7022,7099,7105,6992,6928,6856,6912,6873,7020,6966,6938,7023,7063,7122,7120
 "30077","Powell, MT",7,CAINC1,3,"...","Per capita personal income (dollars) 2/","Dollars",2906,3076,3513,3979,4386,4665,4826,5128,5527,6211,6920,7596,8704,9650,10131,10787,11104,11373,11056,11463,12753,13074,14128,14381,14868,14275,14736,15146,16394,16943,16814,17568,18995,19265,20648,21067,21335,22142,23006,24745,24416,26854,28410,30130,31595,34874,38323,38722,39013,40453,45042,50432,52857,49323,54914,56516
 "30079","Prairie, MT",7,CAINC1,1,"...","Personal income (thousands of dollars) ","Thousands of dollars",5181,5557,5794,8804,13948,11780,12831,10323,9881,12633,12337,15193,16510,15729,15609,17016,15817,17354,18469,18804,20238,19859,22270,22580,23339,21361,21023,23882,20916,24333,25212,23946,29066,25041,30313,30502,33107,29690,34761,35981,33899,37251,39881,44967,46103,48549,53827,51537,49546,50476,50118,55331,55487,62993,64554,68484
 "30079","Prairie, MT",7,CAINC1,2,"...","Population (persons) 1/","Number of persons",1804,1761,1814,1801,1839,1821,1841,1788,1839,1882,1876,1833,1823,1857,1830,1764,1727,1609,1542,1506,1452,1368,1326,1299,1306,1297,1308,1269,1250,1254,1238,1179,1208,1173,1168,1153,1098,1098,1083,1123,1139,1184,1144,1145,1170,1133,1151,1172,1111,1073,1082,1090,1096,1114,1115,1112
 "30079","Prairie, MT",7,CAINC1,3,"...","Per capita personal income (dollars) 2/","Dollars",2872,3156,3194,4888,7585,6469,6970,5773,5373,6713,6576,8289,9057,8470,8530,9646,9159,10786,11977,12486,13938,14517,16795,17383,17871,16470,16073,18820,16733,19404,20365,20310,24061,21348,25953,26454,30152,27040,32097,32040,29762,31462,34861,39272,39404,42850,46765,43974,44596,47042,46320,50762,50627,56547,57896,61586
 "30081","Ravalli, MT",7,CAINC1,1,"...","Personal income (thousands of dollars) ","Thousands of dollars",41246,46103,52444,62063,71221,82770,87722,100574,114056,135470,154432,171014,189278,200531,216538,240245,254307,267319,272246,289514,311370,338964,368648,410640,453326,489963,526817,568323,598844,646349,671612,737057,787186,820599,892600,977802,1048598,1134603,1232916,1278072,1248993,1311802,1382132,1470792,1468293,1537789,1623397,1702106,1850308,1935119,2152662,2307909,2695780,2815422,3105267,3293794
 "30081","Ravalli, MT",7,CAINC1,2,"...","Population (persons) 1/","Number of persons",14237,14543,15116,16041,17005,17381,18159,18469,19237,20579,21714,22663,23298,23668,23815,24300,24426,24447,24501,24772,24857,25068,25985,27387,28754,30455,31942,33170,34041,34578,35311,36301,36683,37308,38184,38739,39012,39555,40023,40223,39956,40307,40310,40457,40497,40523,40874,41589,42168,42866,43577,44417,46096,47177,47760,48187
 "30081","Ravalli, MT",7,CAINC1,3,"...","Per capita personal income (dollars) 2/","Dollars",2897,3170,3469,3869,4188,4762,4831,5446,5929,6583,7112,7546,8124,8473,9093,9887,10411,10935,11112,11687,12526,13522,14187,14994,15766,16088,16493,17134,17592,18692,19020,20304,21459,21995,23376,25241,26879,28684,30805,31775,31259,32545,34288,36354,36257,37949,39717,40927,43879,45143,49399,51960,58482,59678,65018,68354
 "30083","Richland, MT",7,CAINC1,1,"...","Personal income (thousands of dollars) ","Thousands of dollars",31637,36629,36238,46942,55074,58874,63431,64984,64729,86536,90274,118298,162870,162030,146252,157730,154468,145224,143941,136528,148340,146848,151715,167063,169601,177324,169156,181188,185009,199251,199364,199470,219122,211849,231780,258718,290755,314286,352273,414163,389417,456101,558194,694319,756931,833638,739531,624333,618700,647632,674326,678655,702033,763195,807277,843734
 "30083","Richland, MT",7,CAINC1,2,"...","Population (persons) 1/","Number of persons",9923,9827,9862,9788,9909,10021,10173,10441,10625,11117,11748,12434,13173,14208,14002,13599,13289,12668,11831,11464,11016,10640,10534,10438,10234,10193,10159,10036,9969,9893,9765,9619,9424,9286,9195,9096,9207,9267,9356,9430,9679,9773,10213,10903,11334,11765,12191,11751,11460,11363,11400,11534,11330,11191,11094,11028
 "30083","Richland, MT",7,CAINC1,3,"...","Per capita personal income (dollars) 2/","Dollars",3188,3727,3675,4796,5558,5875,6235,6224,6092,7784,7684,9514,12364,11404,10445,11599,11624,11464,12166,11909,13466,13802,14402,16005,16572,17397,16651,18054,18558,20141,20416,20737,23251,22814,25207,28443,31580,33915,37652,43920,40233,46669,54655,63681,66784,70857,60662,53130,53988,56995,59151,58840,61962,68197,72767,76508
 "30085","Roosevelt, MT",7,CAINC1,1,"...","Personal income (thousands of dollars) ","Thousands of dollars",31790,34883,35282,44445,58514,51422,63241,60227,57905,72127,67271,76563,93563,103130,105611,108856,109189,117770,118150,109387,126940,121706,132514,152859,161338,160755,160970,167989,165848,181969,186146,193508,194578,200543,218921,230287,227724,216631,252179,273957,286031,322825,321954,381507,400904,391657,355986,350913,398050,407931,397323,426551,466106,467274,468866,471693
 "30085","Roosevelt, MT",7,CAINC1,2,"...","Population (persons) 1/","Number of persons",10520,10369,10389,10497,10048,9977,10073,10188,10247,10319,10234,10464,10431,10932,11227,11286,11485,11375,11262,11130,11200,10958,10780,10789,10860,10964,10932,10834,10873,10717,10614,10623,10558,10389,10344,10459,10437,10285,10166,10129,10334,10440,10476,10818,11034,11214,11331,11122,11039,10950,10877,10802,10788,10514,10327,10197
 "30085","Roosevelt, MT",7,CAINC1,3,"...","Per capita personal income (dollars) 2/","Dollars",3022,3364,3396,4234,5823,5154,6278,5912,5651,6990,6573,7317,8970,9434,9407,9645,9507,10353,10491,9828,11334,11107,12293,14168,14856,14662,14725,15506,15253,16979,17538,18216,18429,19303,21164,22018,21819,21063,24806,27047,27679,30922,30733,35266,36334,34926,31417,31551,36059,37254,36529,39488,43206,44443,45402,46258
 "30087","Rosebud, MT",7,CAINC1,1,"...","Personal income (thousands of dollars) ","Thousands of dollars",18185,18768,19819,23959,34227,37771,58224,52203,50395,55632,67598,80641,121664,153453,157502,138008,128363,127518,131678,139494,156672,160358,184813,184732,195112,188449,189019,177868,184130,192066,196901,205892,219805,218239,242769,252073,264613,267704,276215,293140,297247,314842,333854,347883,345556,365304,380708,378125,388227,392761,401286,424816,432489,439862,449745,475602
 "30087","Rosebud, MT",7,CAINC1,2,"...","Population (persons) 1/","Number of persons",6062,6044,6076,6456,6887,7852,9727,9959,10613,8974,9720,10120,10984,12180,13363,13321,12191,11763,11376,10928,10669,10473,10335,10405,10509,10488,10447,10180,9783,9588,9424,9399,9248,9196,9210,9136,9131,9057,9089,9095,9174,9232,9262,9230,9133,9104,9079,8935,8844,8614,8470,8306,8082,8122,8123,8194
 "30087","Rosebud, MT",7,CAINC1,3,"...","Per capita personal income (dollars) 2/","Dollars",3000,3105,3262,3711,4970,4810,5986,5242,4748,6199,6955,7968,11076,12599,11786,10360,10529,10841,11575,12765,14685,15312,17882,17754,18566,17968,18093,17472,18821,20032,20894,21906,23768,23732,26359,27591,28980,29558,30390,32231,32401,34103,36046,37690,37836,40126,41933,42320,43897,45596,47377,51146,53513,54157,55367,58043
 "30089","Sanders, MT",7,CAINC1,1,"...","Personal income (thousands of dollars) ","Thousands of dollars",18977,20581,24794,28093,32207,34942,37862,44135,47777,51769,56925,62797,67282,70801,77382,85666,81567,83693,84577,88464,99327,106738,110395,119378,126163,131252,138142,143224,150212,159455,162214,176745,186350,196341,209023,223668,233026,261279,281091,301199,293554,302839,310601,321381,324274,340926,366741,376678,404051,416750,450557,508494,580417,581885,645622,683481
 "30089","Sanders, MT",7,CAINC1,2,"...","Population (persons) 1/","Number of persons",7089,7112,7202,7486,7546,7682,8001,8031,8378,8466,8979,8697,8772,9037,9161,9365,9169,8980,8802,8690,8664,8680,8628,8842,9230,9644,10019,10093,10155,10097,10124,10287,10489,10466,10554,10895,11002,11178,11364,11433,11471,11403,11441,11450,11416,11449,11462,11668,11929,12003,12236,12461,12949,13396,13726,13895
 "30089","Sanders, MT",7,CAINC1,3,"...","Per capita personal income (dollars) 2/","Dollars",2677,2894,3443,3753,4268,4549,4732,5496,5703,6115,6340,7221,7670,7835,8447,9147,8896,9320,9609,10180,11464,12297,12795,13501,13669,13610,13788,14190,14792,15792,16023,17181,17766,18760,19805,20529,21180,23374,24735,26345,25591,26558,27148,28068,28405,29778,31996,32283,33871,34720,36822,40807,44823,43437,47036,49189
 "30091","Sheridan, MT",7,CAINC1,1,"...","Personal income (thousands of dollars) ","Thousands of dollars",20300,23078,19756,28940,41972,40577,44171,36813,34683,43471,39828,46501,68160,72813,67148,65818,64312,74264,71951,56780,66340,65751,71235,83574,87709,82092,86239,85428,85693,90372,96610,96295,91079,87747,102170,108033,101997,96881,127884,157851,159075,165312,170953,198935,203141,177903,164309,146511,159473,157589,166907,188494,203285,193644,191161,197259
 "30091","Sheridan, MT",7,CAINC1,2,"...","Population (persons) 1/","Number of persons",5850,5801,5941,5872,5617,5515,5555,5671,5519,5419,5489,5479,5727,5894,5829,5675,5568,5415,5268,5119,4922,4692,4568,4547,4470,4432,4444,4410,4331,4300,4169,4078,3952,3825,3697,3683,3573,3507,3469,3385,3387,3375,3453,3611,3715,3778,3817,3780,3659,3605,3571,3536,3572,3550,3490,3448
 "30091","Sheridan, MT",7,CAINC1,3,"...","Per capita personal income (dollars) 2/","Dollars",3470,3978,3325,4928,7472,7358,7952,6491,6284,8022,7256,8487,11902,12354,11520,11598,11550,13714,13658,11092,13478,14013,15594,18380,19622,18523,19406,19371,19786,21017,23173,23613,23046,22940,27636,29333,28547,27625,36865,46632,46966,48981,49509,55091,54681,47089,43047,38760,43584,43714,46740,53307,56911,54548,54774,57210
 "30093","Silver Bow, MT",7,CAINC1,1,"...","Personal income (thousands of dollars) ","Thousands of dollars",133726,148233,153785,174872,193065,216068,237956,252560,270761,297721,324993,354499,410777,422994,431532,433431,433167,444667,452969,478821,510842,530127,552042,581976,602849,630025,665735,684937,759041,790118,774302,798764,818805,844756,876205,966129,1146924,1315175,1371874,1527789,1418822,1487426,1743240,1762288,1671554,1607667,1526111,1539218,1618489,1623707,1674918,1762921,1960806,2069138,2161535,2249490
 "30093","Silver Bow, MT",7,CAINC1,2,"...","Population (persons) 1/","Number of persons",42497,42152,43050,42406,43435,43370,43466,42132,41409,40499,39297,38087,37987,37342,36642,35693,35325,35000,34582,34255,34068,33913,34140,34401,34868,35025,34978,35014,34931,35218,34757,34571,33882,33636,33474,33416,33414,33441,33489,33812,34008,34236,34425,34505,34622,34818,34766,34792,34888,34800,34937,35210,35510,35876,36193,36134
 "30093","Silver Bow, MT",7,CAINC1,3,"...","Per capita personal income (dollars) 2/","Dollars",3147,3517,3572,4124,4445,4982,5475,5994,6539,7351,8270,9308,10814,11328,11777,12143,12262,12705,13098,13978,14995,15632,16170,16917,17289,17988,19033,19562,21730,22435,22278,23105,24166,25115,26176,28912,34325,39328,40965,45185,41720,43446,50639,51073,48280,46173,43897,44241,46391,46658,47941,50069,55218,57675,59722,62254
 "30095","Stillwater, MT",7,CAINC1,1,"...","Personal income (thousands of dollars) ","Thousands of dollars",16405,18167,20171,24693,26225,29499,31950,30573,33030,39698,43070,50074,56086,58837,64402,69972,68869,72245,82455,84341,92546,95927,97406,104237,114567,123486,130852,139458,146667,165478,186925,221361,216292,214138,225899,235613,244593,259717,285434,320978,311797,327397,367810,391440,393194,418361,440647,444795,475960,497922,520048,560953,618879,601029,642613,677700
 "30095","Stillwater, MT",7,CAINC1,2,"...","Population (persons) 1/","Number of persons",4711,4685,4846,4937,4825,4955,5067,5105,5170,5564,5778,5625,5721,5819,5885,5910,5928,5987,6208,6317,6398,6573,6703,6734,6935,7133,7336,7477,7710,7887,8100,8247,8392,8441,8451,8435,8481,8659,8867,8945,9077,9091,9045,8967,8969,8863,8966,8809,8782,8783,8872,9002,9026,9194,9237,9450
 "30095","Stillwater, MT",7,CAINC1,3,"...","Per capita personal income (dollars) 2/","Dollars",3482,3878,4162,5002,5435,5953,6306,5989,6389,7135,7454,8902,9804,10111,10943,11840,11618,12067,13282,13351,14465,14594,14532,15479,16520,17312,17837,18652,19023,20981,23077,26841,25774,25369,26730,27933,28840,29994,32191,35884,34350,36013,40664,43653,43839,47203,49146,50493,54197,56692,58617,62314,68566,65372,69569,71714
 "30097","Sweet Grass, MT",7,CAINC1,1,"...","Personal income (thousands of dollars) ","Thousands of dollars",9898,10789,12777,14909,16915,17040,16927,18794,19404,22854,26676,28650,32690,33280,34735,36901,36240,36958,37138,38987,43866,45751,48270,51085,57822,55583,56287,55974,60394,63896,66522,71380,96192,93830,97505,107451,112281,119915,134462,135841,114889,116746,124839,134849,135874,148658,151665,149888,161295,169685,188579,196853,216384,212797,238397,249964
 "30097","Sweet Grass, MT",7,CAINC1,2,"...","Population (persons) 1/","Number of persons",3011,2983,2989,3080,3047,3008,2957,3076,3094,3210,3244,3224,3249,3305,3269,3273,3230,3242,3247,3197,3155,3146,3145,3135,3186,3223,3310,3342,3299,3302,3518,3633,3594,3617,3591,3676,3675,3697,3778,3755,3731,3617,3584,3579,3657,3637,3618,3610,3668,3701,3717,3670,3702,3724,3749,3757
 "30097","Sweet Grass, MT",7,CAINC1,3,"...","Per capita personal income (dollars) 2/","Dollars",3287,3617,4275,4841,5551,5665,5724,6110,6271,7120,8223,8886,10062,10070,10626,11274,11220,11400,11438,12195,13904,14543,15348,16295,18149,17246,17005,16749,18307,19351,18909,19648,26765,25941,27153,29230,30553,32436,35591,36176,30793,32277,34832,37678,37154,40874,41920,41520,43974,45848,50734,53638,58451,57142,63589,66533
 "30099","Teton, MT",7,CAINC1,1,"...","Personal income (thousands of dollars) ","Thousands of dollars",23081,26195,26004,32990,42119,41420,45652,43590,35865,47515,44163,51685,66321,66886,72542,72867,65529,74728,83283,75517,97902,103308,105804,96423,117678,107138,118243,127708,123130,126953,130152,130164,138374,140959,151522,170998,180814,185707,204076,225165,218968,224052,266153,270633,251257,246918,260959,252467,239757,277473,297439,330912,333559,379786,396635,390407
 "30099","Teton, MT",7,CAINC1,2,"...","Population (persons) 1/","Number of persons",6210,6131,6138,6455,6430,6259,6391,6195,6376,6651,6759,6520,6625,6703,6665,6507,6374,6271,6280,6345,6292,6267,6188,6227,6340,6431,6430,6354,6339,6365,6460,6436,6373,6286,6314,6209,6105,6110,6143,6143,6050,6074,6062,6062,6059,6043,6074,6029,6113,6137,6168,6253,6279,6349,6439,6444
 "30099","Teton, MT",7,CAINC1,3,"...","Per capita personal income (dollars) 2/","Dollars",3717,4273,4237,5111,6550,6618,7143,7036,5625,7144,6534,7927,10011,9979,10884,11198,10281,11916,13262,11902,15560,16484,17098,15485,18561,16660,18389,20099,19424,19945,20147,20224,21713,22424,23998,27540,29617,30394,33221,36654,36193,36887,43905,44644,41468,40860,42963,41875,39221,45213,48223,52921,53123,59818,61599,60585
 "30101","Toole, MT",7,CAINC1,1,"...","Personal income (thousands of dollars) ","Thousands of dollars",22644,27731,27410,33011,34203,36160,47225,46166,39762,53882,49234,58011,67539,64292,69351,65698,61589,70971,73324,66958,85891,90459,95047,89406,107455,96859,107512,108101,105422,104139,108217,108845,111275,118774,130154,136290,149149,152491,155887,187447,180314,192606,226028,236322,237265,219368,209472,206762,206131,238479,246323,277671,262760,310637,341467,326990
 "30101","Toole, MT",7,CAINC1,2,"...","Population (persons) 1/","Number of persons",6016,5829,5882,5798,5741,5563,5571,5573,5776,5717,5534,5572,5613,5588,5690,5636,5583,5392,5141,5201,5146,5050,5026,5128,5226,5294,5292,5211,5219,5199,5201,5261,5228,5184,5006,5069,5130,5085,4969,5079,5245,5350,5194,5284,5221,5246,5238,5146,5086,5073,4982,4967,4987,5072,5128,5153
 "30101","Toole, MT",7,CAINC1,3,"...","Per capita personal income (dollars) 2/","Dollars",3764,4757,4660,5694,5958,6500,8477,8284,6884,9425,8897,10411,12033,11505,12188,11657,11032,13162,14263,12874,16691,17913,18911,17435,20562,18296,20316,20745,20200,20031,20807,20689,21284,22912,26000,26887,29074,29988,31372,36906,34378,36001,43517,44724,45444,41816,39991,40179,40529,47009,49443,55903,52689,61245,66589,63456
 "30103","Treasure, MT",7,CAINC1,1,"...","Personal income (thousands of dollars) ","Thousands of dollars",4895,5044,5092,5800,7352,8709,6021,5950,6157,8794,9106,10474,10912,12035,11981,10919,10803,11357,11288,11625,11579,13485,13840,14706,15367,13877,12821,12306,12108,13411,14583,14722,14740,13672,15545,18150,19752,17880,23868,29274,30172,27805,32710,33234,36353,37179,34790,33567,28593,32345,38676,43998,37088,42614,46088,46123
 "30103","Treasure, MT",7,CAINC1,2,"...","Population (persons) 1/","Number of persons",1096,1074,1133,1168,1143,1170,1197,1219,1176,1167,1079,987,1011,1044,1043,1035,993,1001,974,959,904,867,881,896,890,880,858,864,857,891,868,854,836,793,784,799,766,759,748,754,720,715,716,730,707,709,711,715,711,716,752,758,768,749,767,739
 "30103","Treasure, MT",7,CAINC1,3,"...","Per capita personal income (dollars) 2/","Dollars",4466,4696,4494,4966,6432,7444,5030,4881,5236,7536,8439,10612,10793,11528,11487,10550,10879,11346,11589,12122,12809,15554,15709,16413,17266,15769,14943,14243,14128,15052,16801,17239,17632,17241,19828,22716,25786,23557,31909,38825,41906,38888,45684,45526,51419,52439,48931,46947,40215,45175,51431,58045,48292,56895,60089,62413
 "30105","Valley, MT",7,CAINC1,1,"...","Personal income (thousands of dollars) ","Thousands of dollars",41474,47299,46091,60052,76980,69934,76344,73051,72549,83869,78591,85757,109110,105978,100950,104107,100249,112086,113358,106883,123153,119343,135643,146767,158707,150447,157559,164594,166338,175822,179200,183692,189911,191127,212449,225388,224822,208456,230312,253393,232682,260584,276372,317171,339861,326751,322726,313361,337788,335743,347103,375901,451469,464822,450771,445578
 "30105","Valley, MT",7,CAINC1,2,"...","Population (persons) 1/","Number of persons",12431,11533,11709,11741,12849,12665,12708,12606,11952,11351,10815,10157,9765,9696,9506,9398,9304,8947,8726,8571,8449,8175,8123,8132,8226,8149,8193,8117,8092,7970,7792,7653,7587,7512,7427,7422,7367,7272,7332,7415,7349,7384,7491,7558,7711,7735,7751,7692,7581,7599,7604,7561,7566,7560,7475,7434
 "30105","Valley, MT",7,CAINC1,3,"...","Per capita personal income (dollars) 2/","Dollars",3336,4101,3936,5115,5991,5522,6008,5795,6070,7389,7267,8443,11174,10930,10620,11078,10775,12528,12991,12470,14576,14599,16699,18048,19293,18462,19231,20278,20556,22060,22998,24003,25031,25443,28605,30368,30517,28666,31412,34173,31662,35290,36894,41965,44075,42243,41637,40739,44557,44183,45647,49716,59671,61484,60304,59938
 "30107","Wheatland, MT",7,CAINC1,1,"...","Personal income (thousands of dollars) ","Thousands of dollars",9740,9727,10501,11934,13045,12978,13143,13609,14760,18210,18621,19363,23019,22979,23309,25538,25419,26898,27561,30139,31465,32024,35071,36366,38749,38035,37104,36014,38530,37384,34244,35393,38508,34408,37244,41856,46021,44283,46749,53689,48754,57571,68500,69606,72094,74965,77230,73764,70906,75641,80501,93463,101657,105916,113001,113099
 "30107","Wheatland, MT",7,CAINC1,2,"...","Population (persons) 1/","Number of persons",2579,2503,2435,2305,2437,2416,2366,2382,2355,2362,2340,2331,2218,2290,2310,2234,2268,2234,2248,2296,2268,2246,2279,2271,2292,2353,2413,2401,2330,2337,2270,2243,2174,2193,2131,2113,2086,2035,2080,2151,2158,2154,2123,2074,2099,2061,2075,2082,2094,2107,2040,2072,2039,2043,2068,2058
 "30107","Wheatland, MT",7,CAINC1,3,"...","Per capita personal income (dollars) 2/","Dollars",3777,3886,4313,5177,5353,5372,5555,5713,6268,7710,7958,8307,10378,10034,10090,11432,11208,12040,12260,13127,13873,14258,15389,16013,16906,16164,15377,15000,16536,15997,15085,15779,17713,15690,17477,19809,22062,21761,22475,24960,22592,26727,32266,33561,34347,36373,37219,35429,33862,35900,39461,45108,49856,51843,54643,54956
 "30109","Wibaux, MT",7,CAINC1,1,"...","Personal income (thousands of dollars) ","Thousands of dollars",4944,5196,4934,6607,8768,9117,9456,7451,7004,10785,9431,11470,14819,14513,13688,14340,12195,12954,13693,12410,14802,13728,14520,15384,16620,14388,14793,16296,17101,19250,19022,19757,22632,20570,24120,23327,25354,23326,28833,31129,31100,34578,36079,45513,43788,43744,42455,36926,38611,38106,39312,41638,46897,44263,43010,46338
 "30109","Wibaux, MT",7,CAINC1,2,"...","Population (persons) 1/","Number of persons",1490,1451,1404,1345,1453,1456,1459,1457,1508,1526,1574,1491,1552,1556,1513,1446,1370,1300,1266,1252,1203,1189,1155,1135,1142,1111,1126,1111,1105,1100,1072,1072,1032,1028,1020,1019,995,984,1014,986,1030,1008,982,1034,1101,1084,1071,1043,1019,1029,954,936,936,924,904,911
 "30109","Wibaux, MT",7,CAINC1,3,"...","Per capita personal income (dollars) 2/","Dollars",3318,3581,3514,4912,6034,6262,6481,5114,4645,7067,5992,7693,9548,9327,9047,9917,8901,9965,10816,9912,12304,11546,12571,13554,14553,12950,13138,14668,15476,17500,17744,18430,21930,20010,23647,22892,25481,23705,28435,31571,30194,34304,36740,44016,39771,40354,39641,35404,37891,37032,41208,44485,50104,47904,47577,50865
 "30111","Yellowstone, MT",7,CAINC1,1,"...","Personal income (thousands of dollars) ","Thousands of dollars",313329,345665,381771,437243,482006,551465,626435,708353,806007,916499,1025842,1135878,1285696,1398714,1484977,1593299,1643155,1646267,1671553,1736512,1873993,1973216,2106767,2241861,2375190,2519336,2648645,2758076,2892526,3082920,3156649,3376787,3520474,3626324,3839011,4174792,4492654,4846729,5269567,5658964,5562804,5856028,6240456,6793577,6846341,7293431,7476065,7493720,7926419,8296351,8557098,9199034,10362024,11180647,11915440,12523013
 "30111","Yellowstone, MT",7,CAINC1,2,"...","Population (persons) 1/","Number of persons",86809,87824,90283,91930,93578,96607,98952,101427,103691,106914,107991,108576,110377,113071,116009,118497,119310,118576,116422,114415,113700,113557,115387,118359,121194,123377,125373,126623,127217,127641,128736,129570,130801,132165,133715,135441,137623,139582,141518,144255,146465,148459,150072,152171,154552,156288,157780,159402,160975,161881,163326,165210,167448,169817,170727,171583
 "30111","Yellowstone, MT",7,CAINC1,3,"...","Per capita personal income (dollars) 2/","Dollars",3609,3936,4229,4756,5151,5708,6331,6984,7773,8572,9499,10462,11648,12370,12801,13446,13772,13884,14358,15177,16482,17376,18258,18941,19598,20420,21126,21782,22737,24153,24520,26061,26915,27438,28710,30824,32645,34723,37236,39229,37980,39445,41583,44644,44298,46667,47383,47011,49240,51250,52393,55681,61882,65839,69792,72985
"Note: See the included footnote file."
"CAINC1: County personal income summary: personal income, population, per capita personal income "
"Last updated: February 5, 2026-- new statistics for 2024; revised statistics for 2020-2023."
"U.S. Bureau of Economic Analysis"
