outcome,g_cohort,t_year,event_time,n_treated,n_control,att,se
firearm_suicide_rate,2010,1999,-11,1,21,0.20913279894537037,
firearm_suicide_rate,2010,2000,-10,1,21,0.3694559611052538,
firearm_suicide_rate,2010,2001,-9,1,21,-0.32181263091149004,
firearm_suicide_rate,2010,2002,-8,1,21,1.096780228836452,
firearm_suicide_rate,2010,2003,-7,1,21,-0.3933408703102551,
firearm_suicide_rate,2010,2004,-6,1,21,-0.25973528462772943,
firearm_suicide_rate,2010,2005,-5,1,21,-0.3075075190982988,
firearm_suicide_rate,2010,2006,-4,1,21,0.3420562907129549,
firearm_suicide_rate,2010,2007,-3,1,21,-0.1740306664289536,
firearm_suicide_rate,2010,2008,-2,1,21,-0.7533510964200107,
firearm_suicide_rate,2010,2010,0,1,21,0.4495075193939818,
firearm_suicide_rate,2010,2011,1,1,21,1.081268083376146,
firearm_suicide_rate,2010,2012,2,1,21,0.6558181424462319,
firearm_suicide_rate,2010,2013,3,1,21,0.29195195497467125,
firearm_suicide_rate,2010,2014,4,1,21,0.45026192245732566,
firearm_suicide_rate,2010,2015,5,1,21,0.6210459620893766,
firearm_suicide_rate,2010,2016,6,1,21,0.95239652197045,
firearm_suicide_rate,2010,2017,7,1,21,1.303585377647387,
firearm_suicide_rate,2010,2018,8,1,21,1.0317590831092385,
firearm_suicide_rate,2010,2019,9,1,21,1.0737417596791425,
firearm_suicide_rate,2010,2020,10,1,21,1.0502875752556848,
firearm_suicide_rate,2010,2021,11,1,21,1.4202683619644239,
firearm_suicide_rate,2010,2022,12,1,21,2.5893520293814127,
firearm_suicide_rate,2010,2023,13,1,21,2.026220107074166,
firearm_suicide_rate,2011,1999,-12,1,21,-1.9538644499208835,
firearm_suicide_rate,2011,2000,-11,1,21,-4.511593584419492,
firearm_suicide_rate,2011,2001,-10,1,21,-2.3568129454384965,
firearm_suicide_rate,2011,2002,-9,1,21,1.784324506426973,
firearm_suicide_rate,2011,2003,-8,1,21,0.39593868991926756,
firearm_suicide_rate,2011,2004,-7,1,21,-5.02966804667569,
firearm_suicide_rate,2011,2005,-6,1,21,-3.4102614268605915,
firearm_suicide_rate,2011,2006,-5,1,21,-0.2837017369477282,
firearm_suicide_rate,2011,2007,-4,1,21,-1.5434784510104664,
firearm_suicide_rate,2011,2008,-3,1,21,1.7960759036221179,
firearm_suicide_rate,2011,2009,-2,1,21,0.41753145974876105,
firearm_suicide_rate,2011,2011,0,1,21,-0.00731342635244267,
firearm_suicide_rate,2011,2012,1,1,21,2.7583984033640547,
firearm_suicide_rate,2011,2013,2,1,21,0.20642321346759046,
firearm_suicide_rate,2011,2014,3,1,21,-1.819409003481757,
firearm_suicide_rate,2011,2015,4,1,21,0.9993800568083803,
firearm_suicide_rate,2011,2016,5,1,21,-0.5574975071477248,
firearm_suicide_rate,2011,2017,6,1,21,1.6286986983573921,
firearm_suicide_rate,2011,2018,7,1,21,3.066472226983544,
firearm_suicide_rate,2011,2019,8,1,21,4.180477477068115,
firearm_suicide_rate,2011,2020,9,1,21,6.371168789745619,
firearm_suicide_rate,2011,2021,10,1,21,7.495799640356589,
firearm_suicide_rate,2011,2022,11,1,21,1.6728342888348824,
firearm_suicide_rate,2011,2023,12,1,21,3.6512562204681966,
firearm_suicide_rate,2015,1999,-16,3,21,-0.7292682717452192,0.6138230919864548
firearm_suicide_rate,2015,2000,-15,3,21,-0.45239982790707867,0.2402476387340253
firearm_suicide_rate,2015,2001,-14,3,21,-0.884596955934838,0.6057845144713206
firearm_suicide_rate,2015,2002,-13,3,21,-0.5945715372325604,0.7560776575948426
firearm_suicide_rate,2015,2003,-12,3,21,-0.4706558739181478,0.8701648010175481
firearm_suicide_rate,2015,2004,-11,3,21,0.044686487283329024,0.3581867908262449
firearm_suicide_rate,2015,2005,-10,3,21,0.07983521030152774,0.4328795635361479
firearm_suicide_rate,2015,2006,-9,3,21,-0.27839157864940467,0.426781883477263
firearm_suicide_rate,2015,2007,-8,3,21,0.40184502948674505,0.7281482776298016
firearm_suicide_rate,2015,2008,-7,3,21,0.2548250042975072,0.73454917721113
firearm_suicide_rate,2015,2009,-6,3,21,0.1730601098936584,0.48582662303391166
firearm_suicide_rate,2015,2010,-5,3,21,-0.27418436347534153,0.4479218827006559
firearm_suicide_rate,2015,2011,-4,3,21,0.48701308573110136,0.2438173603866701
firearm_suicide_rate,2015,2012,-3,3,21,1.3461636401119697,0.5984365938536084
firearm_suicide_rate,2015,2013,-2,3,21,0.9933348980418318,0.36877793505240664
firearm_suicide_rate,2015,2015,0,3,21,0.5563065283206666,0.49192932086944535
firearm_suicide_rate,2015,2016,1,3,21,0.061712985393928554,0.2883670050485907
firearm_suicide_rate,2015,2017,2,3,21,1.9570949896469343,0.33059302382894995
firearm_suicide_rate,2015,2018,3,3,21,1.6091920074675725,0.170766195616598
firearm_suicide_rate,2015,2019,4,3,21,1.57196760850447,0.1653861220114832
firearm_suicide_rate,2015,2020,5,3,21,1.1036670314571646,0.45825514239016013
firearm_suicide_rate,2015,2021,6,3,21,2.098465750963521,0.27483870468948607
firearm_suicide_rate,2015,2022,7,3,21,1.6396631831413666,0.4894879524616876
firearm_suicide_rate,2015,2023,8,3,21,1.6095683637003966,0.170270155317856
firearm_suicide_rate,2016,1999,-17,2,21,-2.3165999573194584,0.4024416149431922
firearm_suicide_rate,2016,2000,-16,2,21,-2.8353126813692993,0.9491269741956998
firearm_suicide_rate,2016,2001,-15,2,21,-1.21074782204255,0.6761304909262091
firearm_suicide_rate,2016,2002,-14,2,21,-1.4463932664818402,0.5841343869371484
firearm_suicide_rate,2016,2003,-13,2,21,-1.35986443763013,0.7039170670421807
firearm_suicide_rate,2016,2004,-12,2,21,-0.9480421997090562,0.4597246760606618
firearm_suicide_rate,2016,2005,-11,2,21,-0.7365759548320179,0.2933009935873085
firearm_suicide_rate,2016,2006,-10,2,21,-1.514386117520582,0.48988245021618115
firearm_suicide_rate,2016,2007,-9,2,21,-0.915565427203773,1.0219607927511047
firearm_suicide_rate,2016,2008,-8,2,21,-2.023868312778975,0.4187655663065598
firearm_suicide_rate,2016,2009,-7,2,21,-1.180761682781947,0.221732837633629
firearm_suicide_rate,2016,2010,-6,2,21,-0.37024507751099967,0.41530851519825784
firearm_suicide_rate,2016,2011,-5,2,21,-1.2497585260221131,0.5684916007487393
firearm_suicide_rate,2016,2012,-4,2,21,-1.202605974616088,0.37390734666632425
firearm_suicide_rate,2016,2013,-3,2,21,0.08572150750840413,0.40291719352163974
firearm_suicide_rate,2016,2014,-2,2,21,-0.8564611113949782,0.6979886816429903
firearm_suicide_rate,2016,2016,0,2,21,0.35333203118642226,0.5803603981713997
firearm_suicide_rate,2016,2017,1,2,21,1.8813111795599564,0.6602990450112014
firearm_suicide_rate,2016,2018,2,2,21,1.498609668333895,0.492224385092584
firearm_suicide_rate,2016,2019,3,2,21,-0.9250503173199203,0.16315800274627812
firearm_suicide_rate,2016,2020,4,2,21,1.0189323375895718,0.558276982055714
firearm_suicide_rate,2016,2021,5,2,21,-0.021983407035126024,0.22578952898136162
firearm_suicide_rate,2016,2022,6,2,21,0.3008695805545384,0.339596641041233
firearm_suicide_rate,2016,2023,7,2,21,1.3107475993837263,0.2053103744820051
firearm_suicide_rate,2017,1999,-18,3,21,-2.997377844047192,0.3708035024803781
firearm_suicide_rate,2017,2000,-17,3,21,-2.937502985548168,0.42901531181403013
firearm_suicide_rate,2017,2001,-16,3,21,-2.3667661783789993,0.24166868226193508
firearm_suicide_rate,2017,2002,-15,3,21,-2.11058587829142,0.5967352968580967
firearm_suicide_rate,2017,2003,-14,3,21,-2.488388925750254,0.2006387381183236
firearm_suicide_rate,2017,2004,-13,3,21,-3.121392781860964,0.3587209892867914
firearm_suicide_rate,2017,2005,-12,3,21,-1.4614324229326285,0.6043730465235345
firearm_suicide_rate,2017,2006,-11,3,21,-2.3420368999653576,0.280843622824808
firearm_suicide_rate,2017,2007,-10,3,21,-1.9528844394117566,0.41002665873388183
firearm_suicide_rate,2017,2008,-9,3,21,-1.6610829286516142,0.5591813456771797
firearm_suicide_rate,2017,2009,-8,3,21,-1.8956744951786855,0.28226119279864653
firearm_suicide_rate,2017,2010,-7,3,21,-1.1558030318771457,0.3203295506779814
firearm_suicide_rate,2017,2011,-6,3,21,-2.0742561158406754,0.3822269904915295
firearm_suicide_rate,2017,2012,-5,3,21,-0.9494391820557915,0.2710945930998867
firearm_suicide_rate,2017,2013,-4,3,21,-0.9693811052146917,0.8942323165604553
firearm_suicide_rate,2017,2014,-3,3,21,0.14594247819955702,0.7042297962365586
firearm_suicide_rate,2017,2015,-2,3,21,-0.37645646013702333,0.34669239925412115
firearm_suicide_rate,2017,2017,0,3,21,1.2328274691535606,0.48001201794935844
firearm_suicide_rate,2017,2018,1,3,21,0.42011663606270666,0.3153664182274096
firearm_suicide_rate,2017,2019,2,3,21,0.3638793804389632,0.16080855382640283
firearm_suicide_rate,2017,2020,3,3,21,-0.07159021073136225,0.3620545176068551
firearm_suicide_rate,2017,2021,4,3,21,0.42231545918292834,1.062558473387889
firearm_suicide_rate,2017,2022,5,3,21,1.2775902845650309,0.7426126854737114
firearm_suicide_rate,2017,2023,6,3,21,-0.18835362195923677,0.4686176849838423
firearm_suicide_rate,2019,1999,-20,3,21,-1.9953317236859864,0.3252463753326946
firearm_suicide_rate,2019,2000,-19,3,21,-1.9405795645915673,0.425598033981741
firearm_suicide_rate,2019,2001,-18,3,21,-2.3752848166960954,0.6115030711712675
firearm_suicide_rate,2019,2002,-17,3,21,-2.0060222031294836,0.3660596786244714
firearm_suicide_rate,2019,2003,-16,3,21,-1.5116091154316447,0.5446206771157435
firearm_suicide_rate,2019,2004,-15,3,21,-1.4199996209986852,0.27719831388442207
firearm_suicide_rate,2019,2005,-14,3,21,-1.0490125435551314,0.5440033473752592
firearm_suicide_rate,2019,2006,-13,3,21,-0.8169007673798379,0.48569788794416385
firearm_suicide_rate,2019,2007,-12,3,21,-1.8361941194434968,0.8117825948834719
firearm_suicide_rate,2019,2008,-11,3,21,-1.0145850316177016,0.25581175578228793
firearm_suicide_rate,2019,2009,-10,3,21,-1.2890812574377828,0.3230693901499814
firearm_suicide_rate,2019,2010,-9,3,21,-1.1595763101578018,0.26564341543772485
firearm_suicide_rate,2019,2011,-8,3,21,-0.5798627160648399,0.7082840044169594
firearm_suicide_rate,2019,2012,-7,3,21,-0.27623277932470947,0.2219934067495911
firearm_suicide_rate,2019,2013,-6,3,21,-0.6224033395258712,0.3767250224998885
firearm_suicide_rate,2019,2014,-5,3,21,-0.45308625421254073,0.24711103471696283
firearm_suicide_rate,2019,2015,-4,3,21,-0.16654184637794234,0.5229991415540698
firearm_suicide_rate,2019,2016,-3,3,21,0.390695312675153,0.5125612077159304
firearm_suicide_rate,2019,2017,-2,3,21,-0.5782404867630714,0.13381604453011445
firearm_suicide_rate,2019,2019,0,3,21,-0.05864517208203096,0.5525187248092298
firearm_suicide_rate,2019,2020,1,3,21,0.49873488361327106,0.5418018696257311
firearm_suicide_rate,2019,2021,2,3,21,0.5145514010389151,0.4261220240912654
firearm_suicide_rate,2019,2022,3,3,21,0.24066355927553673,0.34268264302948287
firearm_suicide_rate,2019,2023,4,3,21,0.18612017888823174,0.7043319569174793
firearm_suicide_rate,2021,1999,-22,6,21,-2.5583662278547297,0.7325033457354221
firearm_suicide_rate,2021,2000,-21,6,21,-2.035044602594718,0.5781508620111044
firearm_suicide_rate,2021,2001,-20,6,21,-1.3732307053812514,0.3548000137858695
firearm_suicide_rate,2021,2002,-19,6,21,-1.858508201252105,0.46797748708770653
firearm_suicide_rate,2021,2003,-18,6,21,-1.6283226301962468,0.41500314096456103
firearm_suicide_rate,2021,2004,-17,6,21,-2.2000008988783932,0.62426968702988
firearm_suicide_rate,2021,2005,-16,6,21,-1.2057830274359582,0.3169465120271926
firearm_suicide_rate,2021,2006,-15,6,21,-2.0021899798706135,0.7008822042711768
firearm_suicide_rate,2021,2007,-14,6,21,-1.9637550383501021,0.4932081580956778
firearm_suicide_rate,2021,2008,-13,6,21,-1.3698346190084167,0.4273033052288331
firearm_suicide_rate,2021,2009,-12,6,21,-1.4804819226369705,0.3725026662406341
firearm_suicide_rate,2021,2010,-11,6,21,-1.1095096356012144,0.4728613257881474
firearm_suicide_rate,2021,2011,-10,6,21,-0.9041798637203012,0.29669240373040356
firearm_suicide_rate,2021,2012,-9,6,21,-0.9033645490573592,0.3377292431838182
firearm_suicide_rate,2021,2013,-8,6,21,-0.668811396265465,0.406801006503657
firearm_suicide_rate,2021,2014,-7,6,21,-1.1413086853503502,0.3228635447410778
firearm_suicide_rate,2021,2015,-6,6,21,-0.4661295554495767,0.317153216813676
firearm_suicide_rate,2021,2016,-5,6,21,-0.7532349164814172,0.25947615638992927
firearm_suicide_rate,2021,2017,-4,6,21,0.5832124185392712,0.5490837302119821
firearm_suicide_rate,2021,2018,-3,6,21,-0.7591717758432297,0.3754758569478051
firearm_suicide_rate,2021,2019,-2,6,21,-0.4738675839617562,0.21464560033321545
firearm_suicide_rate,2021,2021,0,6,21,0.7586735953677057,0.5288576399804481
firearm_suicide_rate,2021,2022,1,6,21,0.18538925083286462,0.37585490160095797
firearm_suicide_rate,2021,2023,2,6,21,0.3199435947994902,0.22898407436552445
firearm_suicide_rate,2022,1999,-23,3,21,-1.8344285482285199,0.5048443071011371
firearm_suicide_rate,2022,2000,-22,3,21,-1.7858423219410327,0.3211065621320125
firearm_suicide_rate,2022,2001,-21,3,21,-1.4383198113628246,0.37355146197849115
firearm_suicide_rate,2022,2002,-20,3,21,-1.3126873403640602,0.30662765302978245
firearm_suicide_rate,2022,2003,-19,3,21,-1.5731976150496845,0.3124900258941517
firearm_suicide_rate,2022,2004,-18,3,21,-1.7692622749647002,0.4300354034990679
firearm_suicide_rate,2022,2005,-17,3,21,-1.5708216926725567,0.4224727036786152
firearm_suicide_rate,2022,2006,-16,3,21,-1.4870190638412737,0.37844862004320556
firearm_suicide_rate,2022,2007,-15,3,21,-1.6551292557632824,0.43565484952834616
firearm_suicide_rate,2022,2008,-14,3,21,-1.5898066511337623,0.46923476466058295
firearm_suicide_rate,2022,2009,-13,3,21,-1.5584425027908506,0.3206939194297807
firearm_suicide_rate,2022,2010,-12,3,21,-1.334787838623065,0.36978720654893577
firearm_suicide_rate,2022,2011,-11,3,21,-1.5839430381883677,0.4870584194063459
firearm_suicide_rate,2022,2012,-10,3,21,-1.0478812213373534,0.36476859209013424
firearm_suicide_rate,2022,2013,-9,3,21,-1.128972305816019,0.3931333655170608
firearm_suicide_rate,2022,2014,-8,3,21,-1.099104127027093,0.20345082634432268
firearm_suicide_rate,2022,2015,-7,3,21,-0.9592900873649021,0.4104267667544357
firearm_suicide_rate,2022,2016,-6,3,21,-0.48331288916292414,0.3837203957546301
firearm_suicide_rate,2022,2017,-5,3,21,-0.4240721957599334,0.3092564139551516
firearm_suicide_rate,2022,2018,-4,3,21,-0.33776462440591193,0.3228022064890618
firearm_suicide_rate,2022,2019,-3,3,21,-0.41203049290572213,0.4485090909566815
firearm_suicide_rate,2022,2020,-2,3,21,-0.6180109354545207,0.23443104663956424
firearm_suicide_rate,2022,2022,0,3,21,-0.17543864195497322,0.30152575724662317
firearm_suicide_rate,2022,2023,1,3,21,0.2729378457622583,0.2712281004426336
firearm_suicide_rate,2023,1999,-24,3,21,-0.9135874103256472,0.47231498171877795
firearm_suicide_rate,2023,2000,-23,3,21,-0.6457498034662184,0.43787458596207685
firearm_suicide_rate,2023,2001,-22,3,21,-1.1451518902064002,0.5417164382889261
firearm_suicide_rate,2023,2002,-21,3,21,-1.2562884929677682,0.5502817369425959
firearm_suicide_rate,2023,2003,-20,3,21,-1.2817442828514463,0.6692804770767409
firearm_suicide_rate,2023,2004,-19,3,21,-1.7014331213648552,0.6375036799986992
firearm_suicide_rate,2023,2005,-18,3,21,-1.511664947668754,0.511477400628292
firearm_suicide_rate,2023,2006,-17,3,21,-1.0472510404549102,0.4551721558789995
firearm_suicide_rate,2023,2007,-16,3,21,-1.4116806352588924,0.6604497897585844
firearm_suicide_rate,2023,2008,-15,3,21,-1.0552013438808077,0.6962849328388415
firearm_suicide_rate,2023,2009,-14,3,21,-0.8077957897104697,0.8462039666799792
firearm_suicide_rate,2023,2010,-13,3,21,-0.9698833899134482,0.6362508303228416
firearm_suicide_rate,2023,2011,-12,3,21,-0.9631417016971553,0.6224484984408678
firearm_suicide_rate,2023,2012,-11,3,21,-0.6628529427138257,0.6174267938582869
firearm_suicide_rate,2023,2013,-10,3,21,-0.8653901057281104,0.6550340502181922
firearm_suicide_rate,2023,2014,-9,3,21,-0.8686376952080745,0.36440227292107596
firearm_suicide_rate,2023,2015,-8,3,21,-0.8252101378782387,0.6638553438467545
firearm_suicide_rate,2023,2016,-7,3,21,-0.8379090550530433,0.6987120759392664
firearm_suicide_rate,2023,2017,-6,3,21,-0.5403668153041532,0.6483391402458687
firearm_suicide_rate,2023,2018,-5,3,21,-0.35492777353559124,0.4437079229140084
firearm_suicide_rate,2023,2019,-4,3,21,-0.28809502666047015,0.27382111408613663
firearm_suicide_rate,2023,2020,-3,3,21,-0.8163528242506033,0.34234570418711363
firearm_suicide_rate,2023,2021,-2,3,21,-0.5453043028629927,0.5843189226021822
firearm_suicide_rate,2023,2023,0,3,21,-0.2512498138042806,0.35135794475196225
firearm_homicide_rate,2010,1999,-11,1,21,2.248697989714286,
firearm_homicide_rate,2010,2000,-10,1,20,1.53530751455,
firearm_homicide_rate,2010,2001,-9,1,21,2.604670498380952,
firearm_homicide_rate,2010,2002,-8,1,21,2.640403238523809,
firearm_homicide_rate,2010,2003,-7,1,21,1.966626839857143,
firearm_homicide_rate,2010,2004,-6,1,21,2.1349260322380954,
firearm_homicide_rate,2010,2005,-5,1,21,2.406457072047619,
firearm_homicide_rate,2010,2006,-4,1,21,2.3865387885714293,
firearm_homicide_rate,2010,2007,-3,1,21,1.8795285704761902,
firearm_homicide_rate,2010,2008,-2,1,21,1.407112768714286,
firearm_homicide_rate,2010,2010,0,1,21,0.811495901333333,
firearm_homicide_rate,2010,2011,1,1,21,0.750417470952381,
firearm_homicide_rate,2010,2012,2,1,21,0.41208579323809497,
firearm_homicide_rate,2010,2013,3,1,21,0.500348981238095,
firearm_homicide_rate,2010,2014,4,1,21,0.021952581380952185,
firearm_homicide_rate,2010,2015,5,1,21,-0.29291225238095236,
firearm_homicide_rate,2010,2016,6,1,21,0.3336345091428573,
firearm_homicide_rate,2010,2017,7,1,21,0.3880817918571427,
firearm_homicide_rate,2010,2018,8,1,21,0.1881351551904757,
firearm_homicide_rate,2010,2019,9,1,21,0.02474432485714262,
firearm_homicide_rate,2010,2020,10,1,21,0.061444326380951875,
firearm_homicide_rate,2010,2021,11,1,21,0.139606858428571,
firearm_homicide_rate,2010,2022,12,1,21,1.3408154298571426,
firearm_homicide_rate,2010,2023,13,1,21,0.6651711441428569,
firearm_homicide_rate,2011,1999,-12,1,21,-0.26868742261904766,
firearm_homicide_rate,2011,2000,-11,1,20,-0.30016110634999993,
firearm_homicide_rate,2011,2001,-10,1,21,0.4940338770476189,
firearm_homicide_rate,2011,2002,-9,1,21,0.29572390919047614,
firearm_homicide_rate,2011,2003,-8,1,21,0.15942639752380955,
firearm_homicide_rate,2011,2004,-7,1,21,-0.21482102209523823,
firearm_homicide_rate,2011,2005,-6,1,21,0.8082538707142857,
firearm_homicide_rate,2011,2006,-5,1,21,-0.37757116076190467,
firearm_homicide_rate,2011,2007,-4,1,21,0.3660240861428569,
firearm_homicide_rate,2011,2008,-3,1,21,-0.42383116361904766,
firearm_homicide_rate,2011,2009,-2,1,21,0.9216209866666668,
firearm_homicide_rate,2011,2011,0,1,21,1.4081912666190477,
firearm_homicide_rate,2011,2012,1,1,21,0.11812577990476175,
firearm_homicide_rate,2011,2013,2,1,21,0.7982979669047617,
firearm_homicide_rate,2011,2014,3,1,21,0.9543193220476189,
firearm_homicide_rate,2011,2015,4,1,21,1.009843836285714,
firearm_homicide_rate,2011,2016,5,1,21,0.3818029958095236,
firearm_homicide_rate,2011,2017,6,1,21,-0.19532676247619074,
firearm_homicide_rate,2011,2018,7,1,21,0.8938147928571429,
firearm_homicide_rate,2011,2019,8,1,21,1.4148092765238096,
firearm_homicide_rate,2011,2020,9,1,21,0.5462640310476188,
firearm_homicide_rate,2011,2021,10,1,21,-1.505518810904762,
firearm_homicide_rate,2011,2022,11,1,21,-0.35430023947619027,
firearm_homicide_rate,2011,2023,12,1,21,-0.5709645251904767,
firearm_homicide_rate,2015,1999,-16,3,21,-0.6500750979999996,0.5092503579468182
firearm_homicide_rate,2015,2000,-15,3,20,-0.6184062801333329,0.5746070571967045
firearm_homicide_rate,2015,2001,-14,3,21,-0.5805680416666665,0.43238370479872446
firearm_homicide_rate,2015,2002,-13,3,21,-1.152889015190476,0.4280948316373129
firearm_homicide_rate,2015,2003,-12,3,21,-1.1779287515238095,0.5248414694250255
firearm_homicide_rate,2015,2004,-11,3,21,-0.9385683394761903,0.5770935732557829
firearm_homicide_rate,2015,2005,-10,3,21,-1.7742732270000001,0.6766770804879498
firearm_homicide_rate,2015,2006,-9,3,21,-0.9328987044761903,0.3816521102909544
firearm_homicide_rate,2015,2007,-8,3,21,-0.8165560042380949,0.43004927216902855
firearm_homicide_rate,2015,2008,-7,3,21,-0.5614934646666666,0.21390516026933154
firearm_homicide_rate,2015,2009,-6,3,21,-0.6096131940476186,0.6946353590200549
firearm_homicide_rate,2015,2010,-5,3,21,-0.8491868700476188,0.5033897761204865
firearm_homicide_rate,2015,2011,-4,3,21,-0.2994371490952377,0.4516392968920184
firearm_homicide_rate,2015,2012,-3,3,21,-0.7462559064761902,0.4485683649109136
firearm_homicide_rate,2015,2013,-2,3,21,-0.499887283142857,0.464856788896368
firearm_homicide_rate,2015,2015,0,3,21,-0.2143134690952378,0.20916688799292482
firearm_homicide_rate,2015,2016,1,3,21,-0.2415286922380946,0.40053599279471264
firearm_homicide_rate,2015,2017,2,3,21,0.32310514747619057,0.5541016087156917
firearm_homicide_rate,2015,2018,3,3,21,0.4619752494761904,0.575173822245919
firearm_homicide_rate,2015,2019,4,3,21,0.8190066794761908,0.895545683928471
firearm_homicide_rate,2015,2020,5,3,21,1.8768132863333338,1.9219237114728929
firearm_homicide_rate,2015,2021,6,3,21,1.912446894380953,2.724184163246352
firearm_homicide_rate,2015,2022,7,3,21,1.5408721324761903,2.1258155371288776
firearm_homicide_rate,2015,2023,8,3,21,2.344931180095239,1.6906482661929483
firearm_homicide_rate,2016,1999,-17,2,21,0.24623697459523816,0.3527474847124099
firearm_homicide_rate,2016,2000,-16,2,20,-0.049069360150000074,0.2765887089802414
firearm_homicide_rate,2016,2001,-15,2,21,0.06799316026190493,0.46187733448865154
firearm_homicide_rate,2016,2002,-14,2,21,0.26273547590476193,0.44965991841234804
firearm_homicide_rate,2016,2003,-13,2,21,0.30211202573809515,0.27970089404769294
firearm_homicide_rate,2016,2004,-12,2,21,-0.011135930880952518,0.2128632632680349
firearm_homicide_rate,2016,2005,-11,2,21,0.3878999464285715,0.1716621329010989
firearm_homicide_rate,2016,2006,-10,2,21,0.22495476395238106,0.17580437183579767
firearm_homicide_rate,2016,2007,-9,2,21,0.26007960885714276,0.3141782994600799
firearm_homicide_rate,2016,2008,-8,2,21,-0.5407784244047619,0.15158906335476127
firearm_homicide_rate,2016,2009,-7,2,21,0.1617267063809526,0.42905210328852605
firearm_homicide_rate,2016,2010,-6,2,21,-0.04829392878571426,0.19767604900409966
firearm_homicide_rate,2016,2011,-5,2,21,0.6325678908333334,0.37344957732219963
firearm_homicide_rate,2016,2012,-4,2,21,0.6076355596190477,0.41248109247345344
firearm_homicide_rate,2016,2013,-3,2,21,0.03517003911904759,0.1565714410819888
firearm_homicide_rate,2016,2014,-2,2,21,0.8111771402619046,0.2271473231553857
firearm_homicide_rate,2016,2016,0,2,21,0.2663770270238096,0.7097346633172372
firearm_homicide_rate,2016,2017,1,2,21,0.47040640323809524,0.32308300098510007
firearm_homicide_rate,2016,2018,2,2,21,0.5425043790714286,0.2382007789857128
firearm_homicide_rate,2016,2019,3,2,21,0.4621005212380952,0.6771531466851116
firearm_homicide_rate,2016,2020,4,2,21,-0.20808270123809547,0.7734009539225021
firearm_homicide_rate,2016,2021,5,2,21,-0.8997975641904761,0.7486721839211653
firearm_homicide_rate,2016,2022,6,2,21,-0.31200899276190475,0.5466776312032671
firearm_homicide_rate,2016,2023,7,2,21,-0.5043182784761902,0.3529782612223093
firearm_homicide_rate,2017,1999,-18,3,21,-0.9252348557619048,0.8674956867516684
firearm_homicide_rate,2017,2000,-17,3,20,-0.8171533552833334,0.7351307151296208
firearm_homicide_rate,2017,2001,-16,3,21,-0.6442176490952382,0.7503542341806277
firearm_homicide_rate,2017,2002,-15,3,21,-1.184015424952381,0.7721368949658384
firearm_homicide_rate,2017,2003,-14,3,21,-0.7729766936190479,1.1369621978096962
firearm_homicide_rate,2017,2004,-13,3,21,-0.770033015904762,0.8800005771731829
firearm_homicide_rate,2017,2005,-12,3,21,-0.9531668707619049,0.6672699224726534
firearm_homicide_rate,2017,2006,-11,3,21,-0.9648921735714288,0.7187575209973823
firearm_homicide_rate,2017,2007,-10,3,21,-0.9050006616666669,0.7919576720763549
firearm_homicide_rate,2017,2008,-9,3,21,-0.6489561647619048,0.4143144710076043
firearm_homicide_rate,2017,2009,-8,3,21,-0.41240778014285717,0.5705139074141585
firearm_homicide_rate,2017,2010,-7,3,21,-0.07961386814285709,0.6030074144534534
firearm_homicide_rate,2017,2011,-6,3,21,-0.036875183857142946,0.7494410763357459
firearm_homicide_rate,2017,2012,-5,3,21,-0.1481594095714288,0.7746475966798522
firearm_homicide_rate,2017,2013,-4,3,21,-0.33377647957142864,0.7188837574972812
firearm_homicide_rate,2017,2014,-3,3,21,0.0014703685714282377,0.5842044368709943
firearm_homicide_rate,2017,2015,-2,3,21,0.43568439847619034,0.18078404310217994
firearm_homicide_rate,2017,2017,0,3,21,0.5918352307142853,0.47809941645235776
firearm_homicide_rate,2017,2018,1,3,21,0.9022747783809524,0.2950166340630094
firearm_homicide_rate,2017,2019,2,3,21,0.8384230543809521,0.33038488533090443
firearm_homicide_rate,2017,2020,3,3,21,0.3869215555714285,0.8880371683307214
firearm_homicide_rate,2017,2021,4,2,21,0.018346476285714175,0.4480046718802922
firearm_homicide_rate,2017,2022,5,3,21,0.1321082250476191,0.5450648120181534
firearm_homicide_rate,2017,2023,6,3,21,-0.060992727333333496,0.2731236045031833
firearm_homicide_rate,2019,1999,-20,3,21,-0.6018633351428573,0.2644455594939085
firearm_homicide_rate,2019,2000,-19,3,20,-1.3808638072500001,0.20251089746165493
firearm_homicide_rate,2019,2001,-18,3,21,-0.8234871731428572,0.23131251711146306
firearm_homicide_rate,2019,2002,-17,3,21,-1.3280493073333333,0.21160981836664725
firearm_homicide_rate,2019,2003,-16,3,21,-1.1634131580000002,0.3322187967859997
firearm_homicide_rate,2019,2004,-15,3,21,-0.8642822032857146,0.20857035567537974
firearm_homicide_rate,2019,2005,-14,3,21,-0.9118562808095241,0.20999052146694727
firearm_homicide_rate,2019,2006,-13,3,21,-1.2815642132857141,0.4178777456533143
firearm_homicide_rate,2019,2007,-12,3,21,-0.7250568620476192,0.25137298739466424
firearm_homicide_rate,2019,2008,-11,3,21,-0.5220270191428574,0.2149932750068145
firearm_homicide_rate,2019,2009,-10,3,21,-0.4960146471904762,0.29947234987957194
firearm_homicide_rate,2019,2010,-9,3,21,-0.9963426378571427,0.25387446701107375
firearm_homicide_rate,2019,2011,-8,3,21,-0.34343805923809523,0.38256719445946685
firearm_homicide_rate,2019,2012,-7,3,21,-0.1864341452857144,0.4174822932796822
firearm_homicide_rate,2019,2013,-6,3,21,-0.35734075261904785,0.415232887820967
firearm_homicide_rate,2019,2014,-5,3,21,-0.23835203980952402,0.28870409734741875
firearm_homicide_rate,2019,2015,-4,3,21,0.21209260276190442,0.4243893611796595
firearm_homicide_rate,2019,2016,-3,3,21,0.46593460128571407,0.37853447602984086
firearm_homicide_rate,2019,2017,-2,3,21,0.30136449033333335,0.41016939671085995
firearm_homicide_rate,2019,2019,0,3,21,0.2804209536666666,0.5354784490319396
firearm_homicide_rate,2019,2020,1,3,21,0.8610108988571425,0.4806455914958047
firearm_homicide_rate,2019,2021,2,3,21,0.18012209757142816,0.6470706890976562
firearm_homicide_rate,2019,2022,3,3,21,-0.052512664333333126,0.25999186424168136
firearm_homicide_rate,2019,2023,4,3,21,-0.5199369500476192,0.47369784420455274
firearm_homicide_rate,2021,1999,-22,6,21,-1.240462441333333,0.7003786924973864
firearm_homicide_rate,2021,2000,-21,6,20,-1.1674848488333334,0.4818508879059605
firearm_homicide_rate,2021,2001,-20,6,21,-0.9658487759999999,0.743251653402891
firearm_homicide_rate,2021,2002,-19,6,21,-1.1711241938571426,0.5199362546340692
firearm_homicide_rate,2021,2003,-18,6,21,-1.0440494998571428,0.7341110853170254
firearm_homicide_rate,2021,2004,-17,6,21,-1.1754312704761904,0.6351168346920183
firearm_homicide_rate,2021,2005,-16,6,21,-0.9065974766666671,0.5218531488321521
firearm_homicide_rate,2021,2006,-15,6,21,-1.0894280248095234,0.5480074557113818
firearm_homicide_rate,2021,2007,-14,6,21,-0.9043888780714289,0.5521694469598438
firearm_homicide_rate,2021,2008,-13,6,21,-1.0267817888333326,0.5610989859383811
firearm_homicide_rate,2021,2009,-12,6,21,-0.6724094027142851,0.5481745516746039
firearm_homicide_rate,2021,2010,-11,6,21,-1.021991603547619,0.6959596533658654
firearm_homicide_rate,2021,2011,-10,6,21,-0.9370436265952382,0.5930365392536969
firearm_homicide_rate,2021,2012,-9,6,21,-0.9597803413095238,0.516664696875761
firearm_homicide_rate,2021,2013,-8,6,21,-0.8731207573095237,0.6168997307797638
firearm_homicide_rate,2021,2014,-7,6,21,-0.5578039218333335,0.6003915201237527
firearm_homicide_rate,2021,2015,-6,6,21,-0.8483109642619049,0.5633156407793068
firearm_homicide_rate,2021,2016,-5,6,21,-0.7520658194047618,0.42130653945890784
firearm_homicide_rate,2021,2017,-4,6,21,-0.3833349631904761,0.3919175447255782
firearm_homicide_rate,2021,2018,-3,6,21,-0.5886263401904761,0.3127360164621056
firearm_homicide_rate,2021,2019,-2,6,21,-0.2984912005238092,0.3406464142470845
firearm_homicide_rate,2021,2021,0,6,21,-0.6450809556190475,0.2755389077773318
firearm_homicide_rate,2021,2022,1,6,21,-0.4719107175238094,0.3313754509913165
firearm_homicide_rate,2021,2023,2,6,21,-0.144723336571428,0.28456805451399336
firearm_homicide_rate,2022,1999,-23,3,21,-2.135636224714286,0.6035671443271029
firearm_homicide_rate,2022,2000,-22,3,20,-2.5266897618999997,0.45545744844461855
firearm_homicide_rate,2022,2001,-21,3,21,-1.7248263997142859,0.560692695558686
firearm_homicide_rate,2022,2002,-20,3,21,-2.0269429602380957,0.39454111888147403
firearm_homicide_rate,2022,2003,-19,3,21,-2.0110902992380955,0.4639199587020865
firearm_homicide_rate,2022,2004,-18,3,21,-2.375376929857143,0.43957984333883215
firearm_homicide_rate,2022,2005,-17,3,21,-2.1152631490476197,0.49906739773701564
firearm_homicide_rate,2022,2006,-16,3,21,-1.8041011785238108,0.44850723731065684
firearm_homicide_rate,2022,2007,-15,3,21,-1.6210961902857153,0.39534582815803376
firearm_homicide_rate,2022,2008,-14,3,21,-1.92867188304762,0.354511295110343
firearm_homicide_rate,2022,2009,-13,3,21,-1.9622191947619045,0.42559048475405586
firearm_homicide_rate,2022,2010,-12,3,21,-1.9935231350952383,0.4587070274479748
firearm_homicide_rate,2022,2011,-11,3,21,-1.793203102142857,0.5556951509462489
firearm_homicide_rate,2022,2012,-10,3,21,-1.6862090778571428,0.46480734529899936
firearm_homicide_rate,2022,2013,-9,3,21,-1.2936698801904765,0.5548906671877976
firearm_homicide_rate,2022,2014,-8,3,21,-1.3153357537142862,0.4320774501563481
firearm_homicide_rate,2022,2015,-7,3,21,-1.3541575158095243,0.3523685166782624
firearm_homicide_rate,2022,2016,-6,3,21,-0.8591965029523809,0.3627460797287013
firearm_homicide_rate,2022,2017,-5,3,21,-0.5659060779047627,0.3908106851506833
firearm_homicide_rate,2022,2018,-4,3,21,-0.8612054302380954,0.3708645946195005
firearm_homicide_rate,2022,2019,-3,3,21,-0.7327599622380958,0.2601624473728564
firearm_homicide_rate,2022,2020,-2,3,21,0.1284252132857141,0.2776454427537186
firearm_homicide_rate,2022,2022,0,3,21,-0.16353809523809504,0.31770445461321056
firearm_homicide_rate,2022,2023,1,3,21,-0.45665904761904785,0.22426747299369523
firearm_homicide_rate,2023,1999,-24,3,21,-1.2367113898095234,1.2454888984919636
firearm_homicide_rate,2023,2000,-23,3,20,-1.1190029675666666,1.3611799056456109
firearm_homicide_rate,2023,2001,-22,3,21,-1.179216566142857,1.1878567004778753
firearm_homicide_rate,2023,2002,-21,3,21,-1.2403509490000006,1.3342747403563313
firearm_homicide_rate,2023,2003,-20,3,21,-0.8616627726666666,1.1965333705421068
firearm_homicide_rate,2023,2004,-19,3,21,-1.4730438672857145,1.4785114616678874
firearm_homicide_rate,2023,2005,-18,3,21,-1.1927621924761906,1.1903976544984045
firearm_homicide_rate,2023,2006,-17,3,21,-0.762498335285714,1.2326515096680144
firearm_homicide_rate,2023,2007,-16,3,21,0.18227277995238111,1.1798918732760104
firearm_homicide_rate,2023,2008,-15,3,21,-0.043793219476190526,1.3705538015013496
firearm_homicide_rate,2023,2009,-14,3,21,-0.5424146038571427,1.3252660309884545
firearm_homicide_rate,2023,2010,-13,3,21,-0.6969768951904765,1.631148814737679
firearm_homicide_rate,2023,2011,-12,3,21,-0.3981981745714287,1.584629221921862
firearm_homicide_rate,2023,2012,-11,3,21,-0.3853372786190479,1.558638391833344
firearm_homicide_rate,2023,2013,-10,3,21,-0.15101898928571345,1.535383971994692
firearm_homicide_rate,2023,2014,-9,3,21,-0.4092757651428567,1.5782952442819673
firearm_homicide_rate,2023,2015,-8,3,21,-0.09148316923809507,1.1182542583735633
firearm_homicide_rate,2023,2016,-7,3,21,0.11393258495238134,0.7951435537618431
firearm_homicide_rate,2023,2017,-6,3,21,0.1724861843333334,0.4186701141415989
firearm_homicide_rate,2023,2018,-5,3,21,-0.09544415733333378,0.5556986432144401
firearm_homicide_rate,2023,2019,-4,3,21,0.3240745040000004,0.5488910380202833
firearm_homicide_rate,2023,2020,-3,3,21,0.10844669119047594,0.38777222143236456
firearm_homicide_rate,2023,2021,-2,3,21,-0.29489857142857123,0.24347785639786398
firearm_homicide_rate,2023,2023,0,3,21,0.06973571428571435,0.22410851237172788
homicide_rate,2010,1999,-11,1,21,1.5149932840680613,
homicide_rate,2010,2000,-10,1,21,0.9154505634023913,
homicide_rate,2010,2001,-9,1,21,1.45244732884476,
homicide_rate,2010,2002,-8,1,21,0.8819606056736979,
homicide_rate,2010,2003,-7,1,21,1.8365404759284636,
homicide_rate,2010,2004,-6,1,21,1.0603854578096465,
homicide_rate,2010,2005,-5,1,21,1.124981865386914,
homicide_rate,2010,2006,-4,1,21,2.322041848754896,
homicide_rate,2010,2007,-3,1,21,2.5045627673628004,
homicide_rate,2010,2008,-2,1,21,1.0567320448291364,
homicide_rate,2010,2010,0,1,21,0.7198117708275524,
homicide_rate,2010,2011,1,1,21,0.6651940628298687,
homicide_rate,2010,2012,2,1,21,-0.0013067878489671503,
homicide_rate,2010,2013,3,1,21,-0.006046984727507809,
homicide_rate,2010,2014,4,1,21,-0.5371982826355787,
homicide_rate,2010,2015,5,1,21,-1.2616185193155776,
homicide_rate,2010,2016,6,1,21,-0.44914444629101885,
homicide_rate,2010,2017,7,1,21,-0.06549990218344293,
homicide_rate,2010,2018,8,1,21,-0.3129405926614064,
homicide_rate,2010,2019,9,1,21,-0.34564602910427544,
homicide_rate,2010,2020,10,1,21,0.019695542061187066,
homicide_rate,2010,2021,11,1,21,-1.039664240648971,
homicide_rate,2010,2022,12,1,21,-0.11635963067540578,
homicide_rate,2010,2023,13,1,21,-0.19887300871460423,
homicide_rate,2011,1999,-12,1,21,-0.002654667770921826,
homicide_rate,2011,2000,-11,1,21,0.5735448819813138,
homicide_rate,2011,2001,-10,1,21,-0.036985190111189115,
homicide_rate,2011,2002,-9,1,21,1.001558083365234,
homicide_rate,2011,2003,-8,1,21,0.9455014226771671,
homicide_rate,2011,2004,-7,1,21,0.24714921489620156,
homicide_rate,2011,2005,-6,1,21,0.626411946685454,
homicide_rate,2011,2006,-5,1,21,0.4276228482494421,
homicide_rate,2011,2007,-4,1,21,2.100994640941901,
homicide_rate,2011,2008,-3,1,21,0.42710766623673935,
homicide_rate,2011,2009,-2,1,21,0.4848552322969928,
homicide_rate,2011,2011,0,1,21,1.9243061684032703,
homicide_rate,2011,2012,1,1,21,1.1869805795143293,
homicide_rate,2011,2013,2,1,21,1.7834338874557307,
homicide_rate,2011,2014,3,1,21,1.8042277047160096,
homicide_rate,2011,2015,4,1,21,1.202828092418073,
homicide_rate,2011,2016,5,1,21,1.5646167477924742,
homicide_rate,2011,2017,6,1,21,0.591028391199893,
homicide_rate,2011,2018,7,1,21,0.9852999829779483,
homicide_rate,2011,2019,8,1,21,0.6759060537511837,
homicide_rate,2011,2020,9,1,21,0.42335627727336966,
homicide_rate,2011,2021,10,1,21,-0.3843425324136138,
homicide_rate,2011,2022,11,1,21,-0.33645822598247555,
homicide_rate,2011,2023,12,1,21,0.7836717004191507,
homicide_rate,2015,1999,-16,3,21,-0.5899933340894221,0.9718937852651742
homicide_rate,2015,2000,-15,3,21,0.08618747250923586,0.8986572578004937
homicide_rate,2015,2001,-14,3,21,-0.4775369573647827,0.38556345515481844
homicide_rate,2015,2002,-13,3,21,-1.149389284622991,0.3852072648135225
homicide_rate,2015,2003,-12,3,21,-0.3514667149397265,0.4942948864316436
homicide_rate,2015,2004,-11,3,21,-0.9076397984220724,0.5781670323272706
homicide_rate,2015,2005,-10,3,21,-1.4998646065942438,0.4885670214382634
homicide_rate,2015,2006,-9,3,21,-0.8963005938604294,0.5314140080552109
homicide_rate,2015,2007,-8,3,21,-1.3625548658375142,0.6367986608514993
homicide_rate,2015,2008,-7,3,21,-0.5523389584520859,0.430567064558243
homicide_rate,2015,2009,-6,3,21,-0.7427631912002142,0.8581834772533177
homicide_rate,2015,2010,-5,3,21,-0.9267554438936948,0.5560384730317725
homicide_rate,2015,2011,-4,3,21,-0.24242276346713232,0.41500104831035944
homicide_rate,2015,2012,-3,3,21,-0.7619924530032869,0.47158575621130844
homicide_rate,2015,2013,-2,3,21,-0.2979235653735468,0.5739963915565418
homicide_rate,2015,2015,0,3,21,-0.21505099194250438,0.36914060496891116
homicide_rate,2015,2016,1,3,21,-0.7269222696859624,0.5337000183231214
homicide_rate,2015,2017,2,3,21,-1.1327510168897166,0.912111469340047
homicide_rate,2015,2018,3,3,21,-0.6090126327271127,0.6300649750016285
homicide_rate,2015,2019,4,3,21,-0.13035382428701958,0.4326285481384269
homicide_rate,2015,2020,5,3,21,-0.9741499239987781,0.5429094497242455
homicide_rate,2015,2021,6,3,21,-1.831684099523034,0.5828093188011919
homicide_rate,2015,2022,7,3,21,-1.610320904529961,0.7568066978149193
homicide_rate,2015,2023,8,3,21,-0.393488486429836,1.115020221597142
homicide_rate,2016,1999,-17,2,21,-0.8630860651065856,0.35396940152680756
homicide_rate,2016,2000,-16,2,21,-1.7180704681118828,0.5595689320935322
homicide_rate,2016,2001,-15,2,21,-1.3649208872737104,0.9937823200876696
homicide_rate,2016,2002,-14,2,21,-0.8378058062108806,0.8327110184073967
homicide_rate,2016,2003,-13,2,21,-0.6283267348762807,0.3432012653508222
homicide_rate,2016,2004,-12,2,21,-0.6919728930292799,0.49299963451084783
homicide_rate,2016,2005,-11,2,21,-0.3922934564796965,0.31186579239789475
homicide_rate,2016,2006,-10,2,21,-0.4551676146864737,0.32363565761016444
homicide_rate,2016,2007,-9,2,21,-0.23959445773275073,0.8681873356793374
homicide_rate,2016,2008,-8,2,21,-0.9762827112038743,0.2416572489589865
homicide_rate,2016,2009,-7,2,21,-0.2034643174835137,0.2903488861030973
homicide_rate,2016,2010,-6,2,21,-0.9045626415548607,0.3807513372767613
homicide_rate,2016,2011,-5,2,21,0.4502658330397729,0.21540914879713946
homicide_rate,2016,2012,-4,2,21,-0.16729545308970012,0.33292460737751106
homicide_rate,2016,2013,-3,2,21,-0.311479314497803,0.427538321795058
homicide_rate,2016,2014,-2,2,21,0.5649050568355591,0.1418466888939697
homicide_rate,2016,2016,0,2,21,0.17619796787440972,0.39082656761320295
homicide_rate,2016,2017,1,2,21,0.33964561848463304,0.24045341025173014
homicide_rate,2016,2018,2,2,21,-0.11283246457977837,0.2392342600540239
homicide_rate,2016,2019,3,2,21,0.2510805432930547,0.5168709709980481
homicide_rate,2016,2020,4,2,21,-0.019407182649879617,0.6242975261339018
homicide_rate,2016,2021,5,2,21,-1.0887607363731893,0.5268736742841704
homicide_rate,2016,2022,6,2,21,-0.6255756189598355,0.3868865702398109
homicide_rate,2016,2023,7,2,21,0.046471192318845334,0.45339184839617097
homicide_rate,2017,1999,-18,3,21,-1.3520282606168232,0.6200425780279416
homicide_rate,2017,2000,-17,3,21,-1.2581271088200126,0.7543179873348911
homicide_rate,2017,2001,-16,3,21,-1.113328433794658,0.562146035046607
homicide_rate,2017,2002,-15,3,21,-1.7523455976286462,0.6492326666114623
homicide_rate,2017,2003,-14,3,21,-1.5147187743261508,0.9633150088538271
homicide_rate,2017,2004,-13,3,21,-1.292939271909452,0.6695112307616508
homicide_rate,2017,2005,-12,3,21,-0.9686882504991121,0.5301947495271849
homicide_rate,2017,2006,-11,3,21,-1.197707463132275,0.6907784135084
homicide_rate,2017,2007,-10,3,21,-0.9144731957926433,0.7843265656521793
homicide_rate,2017,2008,-9,3,21,-0.5979615516904392,0.2820653444709261
homicide_rate,2017,2009,-8,3,21,-0.7562632315656066,0.5976159591235443
homicide_rate,2017,2010,-7,3,21,-0.5285972411889682,0.4308652197373821
homicide_rate,2017,2011,-6,3,21,0.08529977640298647,1.0177428780125815
homicide_rate,2017,2012,-5,3,21,0.213700892079917,0.958757290890539
homicide_rate,2017,2013,-4,3,21,-0.10031577577183348,0.8002804986734012
homicide_rate,2017,2014,-3,3,21,0.4546065580671493,0.7797157564007604
homicide_rate,2017,2015,-2,3,21,0.2655193074258152,0.35553377368391337
homicide_rate,2017,2017,0,3,21,-0.06588652653741549,0.4628731174527394
homicide_rate,2017,2018,1,3,21,0.8620800319014439,0.24820457899062484
homicide_rate,2017,2019,2,3,21,1.1915436723883737,0.2580968176185862
homicide_rate,2017,2020,3,3,21,0.6668392962875482,0.883212743054258
homicide_rate,2017,2021,4,3,21,-1.4444335901289933,0.5797785758745834
homicide_rate,2017,2022,5,3,21,0.10387364518451414,0.43982600795632604
homicide_rate,2017,2023,6,3,21,0.16323006529335693,0.4334370762193767
homicide_rate,2019,1999,-20,3,21,-0.1799382411946261,0.5202660154664206
homicide_rate,2019,2000,-19,3,21,-0.9012499771255833,0.26117861604984377
homicide_rate,2019,2001,-18,3,21,-0.9954026202756248,0.3444526168159557
homicide_rate,2019,2002,-17,3,21,-1.113147018258828,0.3464117835888562
homicide_rate,2019,2003,-16,3,21,-0.6871325097952024,0.45656141741255407
homicide_rate,2019,2004,-15,3,21,-0.23652185533286446,0.3216775909193498
homicide_rate,2019,2005,-14,3,21,-0.7774272200246914,0.5242093152021555
homicide_rate,2019,2006,-13,3,21,-0.19447406246860488,0.954077459253317
homicide_rate,2019,2007,-12,3,21,0.36176045103046833,0.7996419302977773
homicide_rate,2019,2008,-11,3,21,0.5413559302465094,1.0325343228164927
homicide_rate,2019,2009,-10,3,21,0.5284285021344793,0.9061605685108118
homicide_rate,2019,2010,-9,3,21,-0.011541604651787888,0.6813434587674284
homicide_rate,2019,2011,-8,3,21,-0.12229932928001769,0.8041501060961842
homicide_rate,2019,2012,-7,3,21,0.42637464059408725,0.6136183385163501
homicide_rate,2019,2013,-6,3,21,-0.10924033982581999,0.605787252936564
homicide_rate,2019,2014,-5,3,21,0.04629409951529029,0.7874430021295992
homicide_rate,2019,2015,-4,3,21,0.7509405829942851,0.7598568100540505
homicide_rate,2019,2016,-3,3,21,0.6160221390631708,0.39503448526891777
homicide_rate,2019,2017,-2,3,21,0.5428378250213988,0.3613195615005567
homicide_rate,2019,2019,0,3,21,0.3538513731536733,0.4797735736286373
homicide_rate,2019,2020,1,3,21,1.0056859645245402,0.4116820424948073
homicide_rate,2019,2021,2,3,21,0.11542339435216453,0.4085370716203857
homicide_rate,2019,2022,3,3,21,0.5902842351713851,0.48405262277176947
homicide_rate,2019,2023,4,3,21,0.014263448913306442,0.3089062478301935
homicide_rate,2021,1999,-22,6,21,-1.8914170789794136,0.660884385257828
homicide_rate,2021,2000,-21,6,21,-1.405434391367167,0.5659095183193198
homicide_rate,2021,2001,-20,6,21,-1.0183185165815694,0.7564316231906937
homicide_rate,2021,2002,-19,6,21,-1.7822144970814637,0.7143553541336473
homicide_rate,2021,2003,-18,6,21,-1.0276913599420374,0.6452182669284521
homicide_rate,2021,2004,-17,6,21,-1.4739371399106134,0.6179208248273828
homicide_rate,2021,2005,-16,6,21,-1.580030161215101,0.5710012736266689
homicide_rate,2021,2006,-15,6,21,-1.2581950503828985,0.49230433322181094
homicide_rate,2021,2007,-14,6,21,-1.3458278387634182,0.5290131088820256
homicide_rate,2021,2008,-13,6,21,-1.1920024956318247,0.6330485403662078
homicide_rate,2021,2009,-12,6,21,-1.1185190138725578,0.4910213662347159
homicide_rate,2021,2010,-11,6,21,-1.679891637132179,0.7251496136320823
homicide_rate,2021,2011,-10,6,21,-1.3356613401965025,0.5793751540461227
homicide_rate,2021,2012,-9,6,21,-1.1800972901112972,0.5095750330014392
homicide_rate,2021,2013,-8,6,21,-1.5128122361651286,0.6144050294571582
homicide_rate,2021,2014,-7,6,21,-0.7003440198030666,0.6276505141381922
homicide_rate,2021,2015,-6,6,21,-1.028661648155962,0.529863557939653
homicide_rate,2021,2016,-5,6,21,-0.8725908490949013,0.4025198051525124
homicide_rate,2021,2017,-4,6,21,-0.45512126318901047,0.3626620225567907
homicide_rate,2021,2018,-3,6,21,-0.6405375168014724,0.32997388381117776
homicide_rate,2021,2019,-2,6,21,-0.6483426798030774,0.3285088297426255
homicide_rate,2021,2021,0,6,21,-1.1267736704984737,0.45628691154463946
homicide_rate,2021,2022,1,6,21,-0.8078691387772033,0.39864808880924835
homicide_rate,2021,2023,2,6,21,-0.5871330721434646,0.42097981586283806
homicide_rate,2022,1999,-23,3,21,-0.4703135557346416,1.027932747448472
homicide_rate,2022,2000,-22,3,21,-0.08701838263265982,1.01359386585929
homicide_rate,2022,2001,-21,3,21,0.043461090550097614,0.9472017655958274
homicide_rate,2022,2002,-20,3,21,-0.18255119759101768,0.6438371049693739
homicide_rate,2022,2003,-19,3,21,-0.006380079295638996,0.7338295556084246
homicide_rate,2022,2004,-18,3,21,-0.5092986474150569,0.6281254571995887
homicide_rate,2022,2005,-17,3,21,-0.49627219184779436,0.4521486746114201
homicide_rate,2022,2006,-16,3,21,-0.4487156194128399,0.5213197178816075
homicide_rate,2022,2007,-15,3,21,-0.06274371205730622,0.6814591832579776
homicide_rate,2022,2008,-14,3,21,-0.390512958368058,0.4726273250741658
homicide_rate,2022,2009,-13,3,21,-0.5137057508427734,0.38018485689821957
homicide_rate,2022,2010,-12,3,21,-0.7900361638128013,0.4829124021327648
homicide_rate,2022,2011,-11,3,21,-0.4119099181355139,0.4270312893015507
homicide_rate,2022,2012,-10,3,21,-0.3746617813964943,0.5084968089831717
homicide_rate,2022,2013,-9,3,21,-0.10379872220175024,0.5739926951827841
homicide_rate,2022,2014,-8,3,21,0.04783426354228437,0.5730049585589869
homicide_rate,2022,2015,-7,3,21,-0.1657424796383422,0.5011512448529791
homicide_rate,2022,2016,-6,3,21,0.43593740277487036,0.3900088611197746
homicide_rate,2022,2017,-5,3,21,0.49939241514140464,0.3611599365594594
homicide_rate,2022,2018,-4,3,21,0.35772225028622406,0.47139842724903847
homicide_rate,2022,2019,-3,3,21,-0.19403786792878042,0.3457469943497762
homicide_rate,2022,2020,-2,3,21,1.0587987620666957,0.4182811485611941
homicide_rate,2022,2022,0,3,21,0.2020837981286983,0.47518587203473556
homicide_rate,2022,2023,1,3,21,-0.10455188947242422,0.3957153827098012
homicide_rate,2023,1999,-24,3,21,-0.3392646948883079,1.1664400151703438
homicide_rate,2023,2000,-23,3,21,-0.05016272639892638,1.296847719478149
homicide_rate,2023,2001,-22,3,21,-0.19018728280250086,0.8612251792651028
homicide_rate,2023,2002,-21,3,21,-0.77503139039565,1.3299561918873815
homicide_rate,2023,2003,-20,3,21,-0.5135361889918761,1.4088076918887102
homicide_rate,2023,2004,-19,3,21,-1.2496328553792366,1.5872572612452838
homicide_rate,2023,2005,-18,3,21,-0.6635142707148952,0.8569420784819596
homicide_rate,2023,2006,-17,3,21,-0.05621916629376689,1.0795971358287315
homicide_rate,2023,2007,-16,3,21,0.8108727459189918,1.043995522528705
homicide_rate,2023,2008,-15,3,21,0.32786686789766273,1.3837204832886942
homicide_rate,2023,2009,-14,3,21,-0.4373684457822049,1.2560131045593574
homicide_rate,2023,2010,-13,3,21,-0.5415556184148109,1.5974908614769436
homicide_rate,2023,2011,-12,3,21,0.00575332836224085,1.5605648253650264
homicide_rate,2023,2012,-11,3,21,0.030446092459683438,1.225327661874882
homicide_rate,2023,2013,-10,3,21,0.13627980200916534,1.2100512040391844
homicide_rate,2023,2014,-9,3,21,-0.22310084645995043,1.571454481083882
homicide_rate,2023,2015,-8,3,21,-0.09980940956264073,1.2546378530731266
homicide_rate,2023,2016,-7,3,21,-0.18449789294304386,0.8679896011812871
homicide_rate,2023,2017,-6,3,21,-0.3226012822170554,0.7416566642752928
homicide_rate,2023,2018,-5,3,21,-0.09791258372225786,0.9445940919215978
homicide_rate,2023,2019,-4,3,21,-0.16992340241740878,0.9155514166972801
homicide_rate,2023,2020,-3,3,21,-0.08202710792561166,0.7501246565554299
homicide_rate,2023,2021,-2,3,21,-1.7200370389154225,0.5234439746422397
homicide_rate,2023,2023,0,3,21,0.03549868928075589,0.3598538710503824
motor_vehicle_theft_rate,2010,1999,-11,1,21,232.5107598198856,
motor_vehicle_theft_rate,2010,2000,-10,1,21,275.8343389029246,
motor_vehicle_theft_rate,2010,2001,-9,1,21,403.05863098765076,
motor_vehicle_theft_rate,2010,2002,-8,1,21,464.22740301496447,
motor_vehicle_theft_rate,2010,2003,-7,1,21,421.98155909099825,
motor_vehicle_theft_rate,2010,2004,-6,1,21,379.22085847247126,
motor_vehicle_theft_rate,2010,2005,-5,1,21,329.65644348979976,
motor_vehicle_theft_rate,2010,2006,-4,1,21,354.78706371985766,
motor_vehicle_theft_rate,2010,2007,-3,1,21,280.8362060708702,
motor_vehicle_theft_rate,2010,2008,-2,1,21,135.91180534019622,
motor_vehicle_theft_rate,2010,2010,0,1,21,-45.89730556337605,
motor_vehicle_theft_rate,2010,2011,1,1,21,-65.69570627246938,
motor_vehicle_theft_rate,2010,2012,2,1,21,-81.08658292995185,
motor_vehicle_theft_rate,2010,2013,3,1,21,-106.68749547410903,
motor_vehicle_theft_rate,2010,2014,4,1,21,-102.68704250307303,
motor_vehicle_theft_rate,2010,2015,5,1,21,-119.97823041838902,
motor_vehicle_theft_rate,2010,2016,6,1,21,-122.33982940231907,
motor_vehicle_theft_rate,2010,2017,7,1,21,-122.44679390492034,
motor_vehicle_theft_rate,2010,2018,8,1,21,-113.83980562124805,
motor_vehicle_theft_rate,2010,2019,9,1,21,-120.80166945235942,
motor_vehicle_theft_rate,2010,2020,10,1,21,-150.40238083308526,
motor_vehicle_theft_rate,2010,2021,11,1,21,-188.93631104463861,
motor_vehicle_theft_rate,2010,2022,12,1,21,-216.71039880310866,
motor_vehicle_theft_rate,2010,2023,13,1,21,-206.85879400368384,
motor_vehicle_theft_rate,2011,1999,-12,1,21,-163.7281136230786,
motor_vehicle_theft_rate,2011,2000,-11,1,21,-170.28486839935826,
motor_vehicle_theft_rate,2011,2001,-10,1,21,-159.73269930031188,
motor_vehicle_theft_rate,2011,2002,-9,1,21,-166.76123252076388,
motor_vehicle_theft_rate,2011,2003,-8,1,21,-160.76631450904853,
motor_vehicle_theft_rate,2011,2004,-7,1,21,-146.46103236462892,
motor_vehicle_theft_rate,2011,2005,-6,1,21,-167.48909547381487,
motor_vehicle_theft_rate,2011,2006,-5,1,21,-127.8810615932464,
motor_vehicle_theft_rate,2011,2007,-4,1,21,-76.39451097941435,
motor_vehicle_theft_rate,2011,2008,-3,1,21,-40.19156723763224,
motor_vehicle_theft_rate,2011,2009,-2,1,21,18.185547787338763,
motor_vehicle_theft_rate,2011,2011,0,1,21,-0.11939777882151148,
motor_vehicle_theft_rate,2011,2012,1,1,21,10.358711737324365,
motor_vehicle_theft_rate,2011,2013,2,1,21,16.629426116136358,
motor_vehicle_theft_rate,2011,2014,3,1,21,23.161917587836214,
motor_vehicle_theft_rate,2011,2015,4,1,21,14.650305038024229,
motor_vehicle_theft_rate,2011,2016,5,1,21,26.816036268056937,
motor_vehicle_theft_rate,2011,2017,6,1,21,19.00349701903548,
motor_vehicle_theft_rate,2011,2018,7,1,21,34.0502616280222,
motor_vehicle_theft_rate,2011,2019,8,1,21,36.297066583443765,
motor_vehicle_theft_rate,2011,2020,9,1,21,53.364327990607904,
motor_vehicle_theft_rate,2011,2021,10,1,21,72.27802976710609,
motor_vehicle_theft_rate,2011,2022,11,1,21,-25.109683449556726,
motor_vehicle_theft_rate,2011,2023,12,1,21,-87.72551403120858,
motor_vehicle_theft_rate,2015,1999,-16,3,21,-73.5968487484073,88.85157576891898
motor_vehicle_theft_rate,2015,2000,-15,3,21,-159.11392039640342,26.5381038527597
motor_vehicle_theft_rate,2015,2001,-14,3,21,-117.95170748736108,36.092675769377486
motor_vehicle_theft_rate,2015,2002,-13,3,21,-149.0869188278224,45.00035031352595
motor_vehicle_theft_rate,2015,2003,-12,3,21,-152.3292625047671,40.4989837789227
motor_vehicle_theft_rate,2015,2004,-11,3,21,-146.6092607787434,32.75059113230319
motor_vehicle_theft_rate,2015,2005,-10,3,21,-149.0637170602153,36.78960851899897
motor_vehicle_theft_rate,2015,2006,-9,3,21,-118.95760242307603,37.207051068405164
motor_vehicle_theft_rate,2015,2007,-8,3,21,-83.75769571006106,24.99204613892084
motor_vehicle_theft_rate,2015,2008,-7,3,21,-58.48580977827856,16.989441800820995
motor_vehicle_theft_rate,2015,2009,-6,3,21,-32.728850026991914,18.493469412943547
motor_vehicle_theft_rate,2015,2010,-5,3,21,-19.24024869247425,17.109047548210366
motor_vehicle_theft_rate,2015,2011,-4,3,21,-1.8785422528617524,11.486429630483977
motor_vehicle_theft_rate,2015,2012,-3,3,21,-8.96615721735843,10.627759106278456
motor_vehicle_theft_rate,2015,2013,-2,3,21,-3.503158653468094,6.764711166764169
motor_vehicle_theft_rate,2015,2015,0,3,21,-7.456816545394935,7.779725248570578
motor_vehicle_theft_rate,2015,2016,1,3,21,-26.962554179506206,14.90168328251966
motor_vehicle_theft_rate,2015,2017,2,3,21,-29.045545367692267,15.651012301724695
motor_vehicle_theft_rate,2015,2018,3,3,21,-3.3758563407809454,16.1406395044476
motor_vehicle_theft_rate,2015,2019,4,3,21,3.1614386980274354,18.88842254479431
motor_vehicle_theft_rate,2015,2020,5,3,21,-9.395809733191005,21.365598016344055
motor_vehicle_theft_rate,2015,2021,6,3,21,-46.187254727365186,25.750283470334974
motor_vehicle_theft_rate,2015,2022,7,3,21,-94.81676909214352,28.54350917268433
motor_vehicle_theft_rate,2015,2023,8,3,21,-105.62015215268315,25.987257752901527
motor_vehicle_theft_rate,2016,1999,-17,2,21,-139.35003930484544,28.394288437246747
motor_vehicle_theft_rate,2016,2000,-16,2,21,-145.3322662151877,20.496087647690047
motor_vehicle_theft_rate,2016,2001,-15,2,21,-152.22471558351134,20.546205585275608
motor_vehicle_theft_rate,2016,2002,-14,2,21,-141.19903825448395,24.15711405950273
motor_vehicle_theft_rate,2016,2003,-13,2,21,-158.59795510589504,27.19599725670047
motor_vehicle_theft_rate,2016,2004,-12,2,21,-133.62078739347817,26.378450721612047
motor_vehicle_theft_rate,2016,2005,-11,2,21,-137.8306457251328,34.17664656240317
motor_vehicle_theft_rate,2016,2006,-10,2,21,-120.65810066257946,34.66404546733136
motor_vehicle_theft_rate,2016,2007,-9,2,21,-91.65751424334587,23.626762924837337
motor_vehicle_theft_rate,2016,2008,-8,2,21,-67.41256675207995,25.26211550989112
motor_vehicle_theft_rate,2016,2009,-7,2,21,-28.804378055751478,19.89314989404338
motor_vehicle_theft_rate,2016,2010,-6,2,21,-28.610446026882542,19.206679722435457
motor_vehicle_theft_rate,2016,2011,-5,2,21,-24.3744021266868,15.090312579196675
motor_vehicle_theft_rate,2016,2012,-4,2,21,-18.720535348541738,15.551694095522263
motor_vehicle_theft_rate,2016,2013,-3,2,21,-13.031612785203396,9.508037880407901
motor_vehicle_theft_rate,2016,2014,-2,2,21,-7.006977092234399,7.853455932760833
motor_vehicle_theft_rate,2016,2016,0,2,21,-11.10882573026542,8.202309484286937
motor_vehicle_theft_rate,2016,2017,1,2,21,3.744372039591063,16.292992822822296
motor_vehicle_theft_rate,2016,2018,2,2,21,-16.24933735417162,8.985588724225881
motor_vehicle_theft_rate,2016,2019,3,2,21,-12.660059667267538,13.136398001363398
motor_vehicle_theft_rate,2016,2020,4,2,21,-31.465252546425695,16.142641023738555
motor_vehicle_theft_rate,2016,2021,5,2,21,-82.15512504141776,20.935093766296202
motor_vehicle_theft_rate,2016,2022,6,2,21,-125.19295600217939,25.179075873232893
motor_vehicle_theft_rate,2016,2023,7,2,21,-167.30643264580448,23.94980600710488
motor_vehicle_theft_rate,2017,1999,-18,3,21,-154.16588594870313,58.038263484567764
motor_vehicle_theft_rate,2017,2000,-17,3,21,-128.43590870529383,67.6007006351903
motor_vehicle_theft_rate,2017,2001,-16,3,21,-119.88040517747713,74.98872442812427
motor_vehicle_theft_rate,2017,2002,-15,3,21,-145.77224666100201,74.60706139300548
motor_vehicle_theft_rate,2017,2003,-14,3,21,-136.74687867583046,79.996140860048
motor_vehicle_theft_rate,2017,2004,-13,3,21,-153.6192108787257,69.06987212852104
motor_vehicle_theft_rate,2017,2005,-12,3,21,-172.6310738654384,64.10500880100858
motor_vehicle_theft_rate,2017,2006,-11,3,21,-142.8359874601934,60.88975469521637
motor_vehicle_theft_rate,2017,2007,-10,3,21,-107.81929709616492,56.01686494097615
motor_vehicle_theft_rate,2017,2008,-9,3,21,-76.12278317801434,47.68939159215585
motor_vehicle_theft_rate,2017,2009,-8,3,21,-46.811385877022246,38.076317709099136
motor_vehicle_theft_rate,2017,2010,-7,3,21,-45.130814326430105,39.10780376657819
motor_vehicle_theft_rate,2017,2011,-6,3,21,-29.120649028043992,38.11735762820221
motor_vehicle_theft_rate,2017,2012,-5,3,21,-15.985341512339296,31.05707151484061
motor_vehicle_theft_rate,2017,2013,-4,3,21,-0.9733808258474603,22.220405005206302
motor_vehicle_theft_rate,2017,2014,-3,3,21,2.793439077641647,18.364134871395308
motor_vehicle_theft_rate,2017,2015,-2,3,21,7.491858637302926,11.103666274559346
motor_vehicle_theft_rate,2017,2017,0,3,21,-1.7699553010563531,13.443325763816375
motor_vehicle_theft_rate,2017,2018,1,3,21,9.058187819727902,13.607348237271328
motor_vehicle_theft_rate,2017,2019,2,3,21,32.38690042297541,18.118561337678635
motor_vehicle_theft_rate,2017,2020,3,3,21,36.354315324180725,26.657785732905754
motor_vehicle_theft_rate,2017,2021,4,3,21,-1.1144699046756443,29.622724673426077
motor_vehicle_theft_rate,2017,2022,5,3,21,-13.852441823550407,55.962525274376766
motor_vehicle_theft_rate,2017,2023,6,3,21,-60.26822548314687,61.649237453787734
motor_vehicle_theft_rate,2019,1999,-20,3,21,-199.0240975761505,30.7643251958539
motor_vehicle_theft_rate,2019,2000,-19,3,21,-200.56242964372976,31.35795991346627
motor_vehicle_theft_rate,2019,2001,-18,3,21,-216.08173925958585,30.42145451495313
motor_vehicle_theft_rate,2019,2002,-17,3,21,-227.08308638469106,33.7368254283635
motor_vehicle_theft_rate,2019,2003,-16,3,21,-236.86465710707014,35.30824550591072
motor_vehicle_theft_rate,2019,2004,-15,3,21,-219.83212768716882,35.85532795153486
motor_vehicle_theft_rate,2019,2005,-14,3,21,-220.85603483023,44.024001334912654
motor_vehicle_theft_rate,2019,2006,-13,3,21,-194.32398719849795,39.76479591996052
motor_vehicle_theft_rate,2019,2007,-12,3,21,-150.78962263969794,34.72194395059041
motor_vehicle_theft_rate,2019,2008,-11,3,21,-124.32815387724918,21.06227061225968
motor_vehicle_theft_rate,2019,2009,-10,3,21,-88.88574686365475,20.325246757618572
motor_vehicle_theft_rate,2019,2010,-9,3,21,-78.18384548368222,20.122930099465318
motor_vehicle_theft_rate,2019,2011,-8,3,21,-49.92345144564197,20.42233396525092
motor_vehicle_theft_rate,2019,2012,-7,3,21,-39.51008028580886,22.23746271804105
motor_vehicle_theft_rate,2019,2013,-6,3,21,-47.231903148538166,19.382001411863722
motor_vehicle_theft_rate,2019,2014,-5,3,21,-45.190927124627706,16.965711092019493
motor_vehicle_theft_rate,2019,2015,-4,3,21,-35.416600649275054,13.409362105900545
motor_vehicle_theft_rate,2019,2016,-3,3,21,-18.05583461934222,11.69843233733959
motor_vehicle_theft_rate,2019,2017,-2,3,21,-19.739526306978398,9.109781888421173
motor_vehicle_theft_rate,2019,2019,0,3,21,22.839797180501932,10.430255099860922
motor_vehicle_theft_rate,2019,2020,1,3,21,40.61486832035699,19.679781566427824
motor_vehicle_theft_rate,2019,2021,2,3,21,-8.37480975465067,21.199531721385757
motor_vehicle_theft_rate,2019,2022,3,3,21,-71.69366815057474,33.177338430901756
motor_vehicle_theft_rate,2019,2023,4,3,21,-100.71658165387126,44.753137048525176
motor_vehicle_theft_rate,2021,1999,-22,6,21,-125.43522689655,45.76692945768953
motor_vehicle_theft_rate,2021,2000,-21,6,21,-131.37934647039663,46.48462518763655
motor_vehicle_theft_rate,2021,2001,-20,6,21,-138.17605234666928,49.604179153445564
motor_vehicle_theft_rate,2021,2002,-19,6,21,-154.64978565092736,48.695974002029125
motor_vehicle_theft_rate,2021,2003,-18,6,21,-168.85670005271533,49.367742027308175
motor_vehicle_theft_rate,2021,2004,-17,6,21,-168.74085805307539,45.62740924127701
motor_vehicle_theft_rate,2021,2005,-16,6,21,-164.81480730248103,46.388282258689166
motor_vehicle_theft_rate,2021,2006,-15,6,21,-149.2395879729441,43.65850355436163
motor_vehicle_theft_rate,2021,2007,-14,6,21,-104.32860347192293,36.24975136338261
motor_vehicle_theft_rate,2021,2008,-13,6,21,-87.43206906151157,30.24029463517186
motor_vehicle_theft_rate,2021,2009,-12,6,21,-61.01176184275867,24.89439394715551
motor_vehicle_theft_rate,2021,2010,-11,6,21,-63.83652110865411,23.603929389385833
motor_vehicle_theft_rate,2021,2011,-10,6,21,-55.473025110504764,22.605905930314965
motor_vehicle_theft_rate,2021,2012,-9,6,21,-55.43696787954114,21.970723642232052
motor_vehicle_theft_rate,2021,2013,-8,6,21,-38.97484702022833,20.957138726592735
motor_vehicle_theft_rate,2021,2014,-7,6,21,-33.905550284460574,19.64703583117519
motor_vehicle_theft_rate,2021,2015,-6,6,21,-25.809817616482114,18.474205250948955
motor_vehicle_theft_rate,2021,2016,-5,6,21,-25.48441357325393,18.920669419240586
motor_vehicle_theft_rate,2021,2017,-4,6,21,-22.185692212649602,12.920985011653077
motor_vehicle_theft_rate,2021,2018,-3,6,21,-14.205617058479424,14.726979581895378
motor_vehicle_theft_rate,2021,2019,-2,6,21,-10.040318327882503,15.648862164079162
motor_vehicle_theft_rate,2021,2021,0,6,21,-41.951699923946975,16.789671519374114
motor_vehicle_theft_rate,2021,2022,1,6,21,-86.20351403765109,29.32963721696843
motor_vehicle_theft_rate,2021,2023,2,6,21,-113.92228761633602,51.521013515577614
motor_vehicle_theft_rate,2022,1999,-23,3,21,70.17993448601484,60.13014728808488
motor_vehicle_theft_rate,2022,2000,-22,3,21,58.060270538527135,50.03527442847717
motor_vehicle_theft_rate,2022,2001,-21,3,21,45.528622197886136,43.4712011636148
motor_vehicle_theft_rate,2022,2002,-20,3,21,24.07513760155058,47.163069950988934
motor_vehicle_theft_rate,2022,2003,-19,3,21,34.830855430469995,57.49909567465795
motor_vehicle_theft_rate,2022,2004,-18,3,21,48.80321363077795,54.71166455039902
motor_vehicle_theft_rate,2022,2005,-17,3,21,42.394663763301,55.30914503906759
motor_vehicle_theft_rate,2022,2006,-16,3,21,50.40738572091951,52.685954308701916
motor_vehicle_theft_rate,2022,2007,-15,3,21,73.82983105348352,53.55533451850335
motor_vehicle_theft_rate,2022,2008,-14,3,21,89.28366614202902,52.68527284896152
motor_vehicle_theft_rate,2022,2009,-13,3,21,85.41596301904258,46.207781058941876
motor_vehicle_theft_rate,2022,2010,-12,3,21,86.25301157818015,45.14073052563165
motor_vehicle_theft_rate,2022,2011,-11,3,21,101.69949608191662,41.542439425997095
motor_vehicle_theft_rate,2022,2012,-10,3,21,88.36491178098082,39.58669903698851
motor_vehicle_theft_rate,2022,2013,-9,3,21,92.90497804650786,35.22247352172546
motor_vehicle_theft_rate,2022,2014,-8,3,21,90.25672957061242,36.29704069924322
motor_vehicle_theft_rate,2022,2015,-7,3,21,77.23955208019932,33.3472453266872
motor_vehicle_theft_rate,2022,2016,-6,3,21,61.4029413332685,26.78110066881464
motor_vehicle_theft_rate,2022,2017,-5,3,21,60.468232187024626,23.427558265964283
motor_vehicle_theft_rate,2022,2018,-4,3,21,68.12074032194462,21.64518447581788
motor_vehicle_theft_rate,2022,2019,-3,3,21,60.442574738307535,19.764721325283976
motor_vehicle_theft_rate,2022,2020,-2,3,21,57.20927930178803,17.57101715991121
motor_vehicle_theft_rate,2022,2022,0,3,21,-16.256793924557417,18.97838771212066
motor_vehicle_theft_rate,2022,2023,1,3,21,-8.468664163386471,29.06603257248722
motor_vehicle_theft_rate,2023,1999,-24,3,21,104.98226518475889,120.0011920266763
motor_vehicle_theft_rate,2023,2000,-23,3,21,75.94040443806828,110.65081890162573
motor_vehicle_theft_rate,2023,2001,-22,3,21,80.64447802799182,95.86255464291827
motor_vehicle_theft_rate,2023,2002,-21,3,21,66.47757835064422,90.11867580019421
motor_vehicle_theft_rate,2023,2003,-20,3,21,46.96832542605071,79.81173047312896
motor_vehicle_theft_rate,2023,2004,-19,3,21,28.293822586183822,79.9545622095596
motor_vehicle_theft_rate,2023,2005,-18,3,21,9.031843910689943,75.577877954621
motor_vehicle_theft_rate,2023,2006,-17,3,21,41.49618597865759,75.67502320714337
motor_vehicle_theft_rate,2023,2007,-16,3,21,82.05929285129736,69.66474994081277
motor_vehicle_theft_rate,2023,2008,-15,3,21,91.34977318767204,69.8206921381125
motor_vehicle_theft_rate,2023,2009,-14,3,21,91.47489524493822,61.87160997008782
motor_vehicle_theft_rate,2023,2010,-13,3,21,87.78252762191264,51.40673139986729
motor_vehicle_theft_rate,2023,2011,-12,3,21,103.98052261619591,44.9475353603198
motor_vehicle_theft_rate,2023,2012,-11,3,21,94.87433945904954,41.70636332229058
motor_vehicle_theft_rate,2023,2013,-10,3,21,107.68291860458486,35.0832518519851
motor_vehicle_theft_rate,2023,2014,-9,3,21,108.85212630766635,35.70614164065766
motor_vehicle_theft_rate,2023,2015,-8,3,21,100.56299479977902,39.79046603788421
motor_vehicle_theft_rate,2023,2016,-7,3,21,101.01684080949472,32.48866106016733
motor_vehicle_theft_rate,2023,2017,-6,3,21,113.39883510361858,26.007813044308122
motor_vehicle_theft_rate,2023,2018,-5,3,21,116.7718510635674,29.62083422837399
motor_vehicle_theft_rate,2023,2019,-4,3,21,122.8557606987655,27.55488221345982
motor_vehicle_theft_rate,2023,2020,-3,3,21,85.751696420677,22.744879943368606
motor_vehicle_theft_rate,2023,2021,-2,3,21,2.054872857288501,11.628757900352026
motor_vehicle_theft_rate,2023,2023,0,3,21,15.80298231148209,42.49942709327049
