event_time,beta,se,z,n,omitted,outcome,spec,tier
-5,0.2292919209334328,0.4260086614625633,0.5382330024611072,1014,False,firearm_suicide_rate,unweighted,all
-4,0.5199359645097028,0.24240209085231101,2.1449318472524466,1014,False,firearm_suicide_rate,unweighted,all
-3,-0.3701104967244206,0.2868650656427744,-1.290190201079798,1014,False,firearm_suicide_rate,unweighted,all
-2,-0.27687530315549125,0.2727288788953405,-1.0152034660830398,1014,False,firearm_suicide_rate,unweighted,all
-1,0.0,0.0,0.0,0,True,firearm_suicide_rate,unweighted,all
0,0.27925233703151026,0.14731754907484076,1.8955809323819495,1014,False,firearm_suicide_rate,unweighted,all
1,0.5493669335314525,0.16389447525287953,3.3519551692258793,1014,False,firearm_suicide_rate,unweighted,all
2,-0.7179522959598468,0.09978878960108353,-7.194718954202558,1014,False,firearm_suicide_rate,unweighted,all
3,-0.838509510744225,0.10026603707218762,-8.36284683457202,1014,False,firearm_suicide_rate,unweighted,all
4,-1.0942757723720793,0.1703310345170216,-6.424406306665891,1014,False,firearm_suicide_rate,unweighted,all
5,-1.1210152549277534,0.13927167083477798,-8.049126202109303,1014,False,firearm_suicide_rate,unweighted,all
-5,0.07720226633193415,0.4620624164100789,0.16708189973931442,1014,False,firearm_suicide_rate,ra,minimal
-4,0.3801463547715119,0.2609894361022447,1.4565583973390652,1014,False,firearm_suicide_rate,ra,minimal
-3,-0.5223576111474795,0.337406760887859,-1.5481539545115726,1014,False,firearm_suicide_rate,ra,minimal
-2,-0.20222017947083723,0.22656206827138833,-0.8925597343532675,1014,False,firearm_suicide_rate,ra,minimal
-1,0.0,0.0,0.0,0,True,firearm_suicide_rate,ra,minimal
0,0.36089251356235064,0.18861869963813407,1.9133442986020195,1014,False,firearm_suicide_rate,ra,minimal
1,0.7738005749103196,0.27400975375015507,2.8239891621371953,1014,False,firearm_suicide_rate,ra,minimal
2,-0.6351473439172786,0.12060174461970635,-5.266485538166049,1014,False,firearm_suicide_rate,ra,minimal
3,-0.6633054638282583,0.13383000309044557,-4.956328540020882,1014,False,firearm_suicide_rate,ra,minimal
4,-0.9660217414488043,0.1537211958424637,-6.284245553481129,1014,False,firearm_suicide_rate,ra,minimal
5,-1.0240306081842114,0.17629484906311932,-5.8086246627522,1014,False,firearm_suicide_rate,ra,minimal
-5,0.2292919209334328,0.4260086614625633,0.5382330024611072,1014,False,firearm_suicide_rate,eb,minimal
-4,0.5199359645097028,0.24240209085231101,2.1449318472524466,1014,False,firearm_suicide_rate,eb,minimal
-3,-0.3701104967244206,0.2868650656427744,-1.290190201079798,1014,False,firearm_suicide_rate,eb,minimal
-2,-0.27687530315549125,0.2727288788953405,-1.0152034660830398,1014,False,firearm_suicide_rate,eb,minimal
-1,0.0,0.0,0.0,0,True,firearm_suicide_rate,eb,minimal
0,0.27925233703151026,0.14731754907484076,1.8955809323819495,1014,False,firearm_suicide_rate,eb,minimal
1,0.5493669335314525,0.16389447525287953,3.3519551692258793,1014,False,firearm_suicide_rate,eb,minimal
2,-0.7179522959598468,0.09978878960108353,-7.194718954202558,1014,False,firearm_suicide_rate,eb,minimal
3,-0.838509510744225,0.10026603707218762,-8.36284683457202,1014,False,firearm_suicide_rate,eb,minimal
4,-1.0942757723720793,0.1703310345170216,-6.424406306665891,1014,False,firearm_suicide_rate,eb,minimal
5,-1.1210152549277534,0.13927167083477798,-8.049126202109303,1014,False,firearm_suicide_rate,eb,minimal
-5,0.2292919209334328,0.4260086614625633,0.5382330024611072,1014,False,firearm_suicide_rate,eb,headline
-4,0.5199359645097028,0.24240209085231101,2.1449318472524466,1014,False,firearm_suicide_rate,eb,headline
-3,-0.3701104967244206,0.2868650656427744,-1.290190201079798,1014,False,firearm_suicide_rate,eb,headline
-2,-0.27687530315549125,0.2727288788953405,-1.0152034660830398,1014,False,firearm_suicide_rate,eb,headline
-1,0.0,0.0,0.0,0,True,firearm_suicide_rate,eb,headline
0,0.27925233703151026,0.14731754907484076,1.8955809323819495,1014,False,firearm_suicide_rate,eb,headline
1,0.5493669335314525,0.16389447525287953,3.3519551692258793,1014,False,firearm_suicide_rate,eb,headline
2,-0.7179522959598468,0.09978878960108353,-7.194718954202558,1014,False,firearm_suicide_rate,eb,headline
3,-0.838509510744225,0.10026603707218762,-8.36284683457202,1014,False,firearm_suicide_rate,eb,headline
4,-1.0942757723720793,0.1703310345170216,-6.424406306665891,1014,False,firearm_suicide_rate,eb,headline
5,-1.1210152549277534,0.13927167083477798,-8.049126202109303,1014,False,firearm_suicide_rate,eb,headline
-5,0.2292919209334328,0.4260086614625633,0.5382330024611072,1014,False,firearm_suicide_rate,eb,expanded
-4,0.5199359645097028,0.24240209085231101,2.1449318472524466,1014,False,firearm_suicide_rate,eb,expanded
-3,-0.3701104967244206,0.2868650656427744,-1.290190201079798,1014,False,firearm_suicide_rate,eb,expanded
-2,-0.27687530315549125,0.2727288788953405,-1.0152034660830398,1014,False,firearm_suicide_rate,eb,expanded
-1,0.0,0.0,0.0,0,True,firearm_suicide_rate,eb,expanded
0,0.27925233703151026,0.14731754907484076,1.8955809323819495,1014,False,firearm_suicide_rate,eb,expanded
1,0.5493669335314525,0.16389447525287953,3.3519551692258793,1014,False,firearm_suicide_rate,eb,expanded
2,-0.7179522959598468,0.09978878960108353,-7.194718954202558,1014,False,firearm_suicide_rate,eb,expanded
3,-0.838509510744225,0.10026603707218762,-8.36284683457202,1014,False,firearm_suicide_rate,eb,expanded
4,-1.0942757723720793,0.1703310345170216,-6.424406306665891,1014,False,firearm_suicide_rate,eb,expanded
5,-1.1210152549277534,0.13927167083477798,-8.049126202109303,1014,False,firearm_suicide_rate,eb,expanded
-5,0.026124089763560437,0.15383161539191192,0.16982263169378364,1014,False,nonfirearm_suicide_rate,unweighted,all
-4,-0.07795840409783177,0.32494569967382236,-0.2399120966244075,1014,False,nonfirearm_suicide_rate,unweighted,all
-3,0.05255769292705497,0.08407136148105394,0.6251557248647532,1014,False,nonfirearm_suicide_rate,unweighted,all
-2,0.27175290063293245,0.24790177995094206,1.0962119783355744,1014,False,nonfirearm_suicide_rate,unweighted,all
-1,0.0,0.0,0.0,0,True,nonfirearm_suicide_rate,unweighted,all
0,0.008405962917960214,0.27423827004031937,0.03065204180555961,1014,False,nonfirearm_suicide_rate,unweighted,all
1,0.3906842451113931,0.3500740571551272,1.1160045628238897,1014,False,nonfirearm_suicide_rate,unweighted,all
2,-0.8356704092982113,0.11586048299445308,-7.212730239854255,1014,False,nonfirearm_suicide_rate,unweighted,all
3,-0.2621417879141778,0.10372328963295264,-2.527318491746872,1014,False,nonfirearm_suicide_rate,unweighted,all
4,-0.4530538327744392,0.11684529748304509,-3.877381824802833,1014,False,nonfirearm_suicide_rate,unweighted,all
5,0.22088348137062977,0.12753310606601842,1.73196974639893,1014,False,nonfirearm_suicide_rate,unweighted,all
-5,-0.015916402172473497,0.17203816647146292,-0.09251669265560124,1014,False,nonfirearm_suicide_rate,ra,minimal
-4,-0.10411971831817325,0.34082812050056643,-0.3054903984015609,1014,False,nonfirearm_suicide_rate,ra,minimal
-3,0.07001599671590776,0.07866704529413278,0.8900295727915151,1014,False,nonfirearm_suicide_rate,ra,minimal
-2,0.2686044024025244,0.24103623710851665,1.11437352999166,1014,False,nonfirearm_suicide_rate,ra,minimal
-1,0.0,0.0,0.0,0,True,nonfirearm_suicide_rate,ra,minimal
0,0.010949826712044322,0.24609222092072003,0.04449481040512804,1014,False,nonfirearm_suicide_rate,ra,minimal
1,0.4939278673964022,0.4409176388041735,1.120227053596675,1014,False,nonfirearm_suicide_rate,ra,minimal
2,-0.8317998938928065,0.11382727567936657,-7.3075621719688275,1014,False,nonfirearm_suicide_rate,ra,minimal
3,-0.21042795790238822,0.11249435120209615,-1.8705646608366522,1014,False,nonfirearm_suicide_rate,ra,minimal
4,-0.3992156189260039,0.14436375441370985,-2.7653452249652175,1014,False,nonfirearm_suicide_rate,ra,minimal
5,0.23562242361946542,0.15434197826895538,1.5266256546800978,1014,False,nonfirearm_suicide_rate,ra,minimal
-5,0.026124089763560437,0.15383161539191192,0.16982263169378364,1014,False,nonfirearm_suicide_rate,eb,minimal
-4,-0.07795840409783177,0.32494569967382236,-0.2399120966244075,1014,False,nonfirearm_suicide_rate,eb,minimal
-3,0.05255769292705497,0.08407136148105394,0.6251557248647532,1014,False,nonfirearm_suicide_rate,eb,minimal
-2,0.27175290063293245,0.24790177995094206,1.0962119783355744,1014,False,nonfirearm_suicide_rate,eb,minimal
-1,0.0,0.0,0.0,0,True,nonfirearm_suicide_rate,eb,minimal
0,0.008405962917960214,0.27423827004031937,0.03065204180555961,1014,False,nonfirearm_suicide_rate,eb,minimal
1,0.3906842451113931,0.3500740571551272,1.1160045628238897,1014,False,nonfirearm_suicide_rate,eb,minimal
2,-0.8356704092982113,0.11586048299445308,-7.212730239854255,1014,False,nonfirearm_suicide_rate,eb,minimal
3,-0.2621417879141778,0.10372328963295264,-2.527318491746872,1014,False,nonfirearm_suicide_rate,eb,minimal
4,-0.4530538327744392,0.11684529748304509,-3.877381824802833,1014,False,nonfirearm_suicide_rate,eb,minimal
5,0.22088348137062977,0.12753310606601842,1.73196974639893,1014,False,nonfirearm_suicide_rate,eb,minimal
-5,0.026124089763560437,0.15383161539191192,0.16982263169378364,1014,False,nonfirearm_suicide_rate,eb,headline
-4,-0.07795840409783177,0.32494569967382236,-0.2399120966244075,1014,False,nonfirearm_suicide_rate,eb,headline
-3,0.05255769292705497,0.08407136148105394,0.6251557248647532,1014,False,nonfirearm_suicide_rate,eb,headline
-2,0.27175290063293245,0.24790177995094206,1.0962119783355744,1014,False,nonfirearm_suicide_rate,eb,headline
-1,0.0,0.0,0.0,0,True,nonfirearm_suicide_rate,eb,headline
0,0.008405962917960214,0.27423827004031937,0.03065204180555961,1014,False,nonfirearm_suicide_rate,eb,headline
1,0.3906842451113931,0.3500740571551272,1.1160045628238897,1014,False,nonfirearm_suicide_rate,eb,headline
2,-0.8356704092982113,0.11586048299445308,-7.212730239854255,1014,False,nonfirearm_suicide_rate,eb,headline
3,-0.2621417879141778,0.10372328963295264,-2.527318491746872,1014,False,nonfirearm_suicide_rate,eb,headline
4,-0.4530538327744392,0.11684529748304509,-3.877381824802833,1014,False,nonfirearm_suicide_rate,eb,headline
5,0.22088348137062977,0.12753310606601842,1.73196974639893,1014,False,nonfirearm_suicide_rate,eb,headline
-5,0.026124089763560437,0.15383161539191192,0.16982263169378364,1014,False,nonfirearm_suicide_rate,eb,expanded
-4,-0.07795840409783177,0.32494569967382236,-0.2399120966244075,1014,False,nonfirearm_suicide_rate,eb,expanded
-3,0.05255769292705497,0.08407136148105394,0.6251557248647532,1014,False,nonfirearm_suicide_rate,eb,expanded
-2,0.27175290063293245,0.24790177995094206,1.0962119783355744,1014,False,nonfirearm_suicide_rate,eb,expanded
-1,0.0,0.0,0.0,0,True,nonfirearm_suicide_rate,eb,expanded
0,0.008405962917960214,0.27423827004031937,0.03065204180555961,1014,False,nonfirearm_suicide_rate,eb,expanded
1,0.3906842451113931,0.3500740571551272,1.1160045628238897,1014,False,nonfirearm_suicide_rate,eb,expanded
2,-0.8356704092982113,0.11586048299445308,-7.212730239854255,1014,False,nonfirearm_suicide_rate,eb,expanded
3,-0.2621417879141778,0.10372328963295264,-2.527318491746872,1014,False,nonfirearm_suicide_rate,eb,expanded
4,-0.4530538327744392,0.11684529748304509,-3.877381824802833,1014,False,nonfirearm_suicide_rate,eb,expanded
5,0.22088348137062977,0.12753310606601842,1.73196974639893,1014,False,nonfirearm_suicide_rate,eb,expanded
-5,0.25541601069699293,0.4547948845202819,0.5616070439455493,1014,False,total_suicide_rate,unweighted,all
-4,0.4419775604118713,0.5242727481217433,0.8430298198700918,1014,False,total_suicide_rate,unweighted,all
-3,-0.31755280379736484,0.2501967831271839,-1.2692121770244402,1014,False,total_suicide_rate,unweighted,all
-2,-0.005122402522558606,0.40882092768320394,-0.012529697419325764,1014,False,total_suicide_rate,unweighted,all
-1,0.0,0.0,0.0,0,True,total_suicide_rate,unweighted,all
0,0.2876582999494707,0.22092101675604542,1.302086619794624,1014,False,total_suicide_rate,unweighted,all
1,0.9400511786428449,0.5032255173656027,1.8680514922296363,1014,False,total_suicide_rate,unweighted,all
2,-1.5536227052580573,0.15761613757880252,-9.85700277347109,1014,False,total_suicide_rate,unweighted,all
3,-1.1006512986584032,0.13247070582352094,-8.308639195481483,1014,False,total_suicide_rate,unweighted,all
4,-1.5473296051465175,0.18992682935491015,-8.146977498661196,1014,False,total_suicide_rate,unweighted,all
5,-0.9001317735571231,0.20010471735652385,-4.498303615468348,1014,False,total_suicide_rate,unweighted,all
-5,0.061285864159460225,0.4939240317883937,0.12407953493891999,1014,False,total_suicide_rate,ra,minimal
-4,0.27602663645333897,0.5650454024642847,0.4885034640570959,1014,False,total_suicide_rate,ra,minimal
-3,-0.4523416144315709,0.3205058798683771,-1.4113363992490093,1014,False,total_suicide_rate,ra,minimal
-2,0.0663842229316872,0.37437705997943116,0.17731915234158432,1014,False,total_suicide_rate,ra,minimal
-1,0.0,0.0,0.0,0,True,total_suicide_rate,ra,minimal
0,0.3718423402743951,0.20116305622468242,1.8484623730267755,1014,False,total_suicide_rate,ra,minimal
1,1.2677284423067208,0.6975201797309538,1.8174792345014399,1014,False,total_suicide_rate,ra,minimal
2,-1.4669472378100843,0.19908804168417568,-7.368334257550152,1014,False,total_suicide_rate,ra,minimal
3,-0.8737334217306462,0.12716844015462067,-6.8706781389179366,1014,False,total_suicide_rate,ra,minimal
4,-1.3652373603748078,0.1947217313761828,-7.011222377318054,1014,False,total_suicide_rate,ra,minimal
5,-0.788408184564746,0.19688254780045866,-4.004459477859872,1014,False,total_suicide_rate,ra,minimal
-5,0.25541601069699293,0.4547948845202819,0.5616070439455493,1014,False,total_suicide_rate,eb,minimal
-4,0.4419775604118713,0.5242727481217433,0.8430298198700918,1014,False,total_suicide_rate,eb,minimal
-3,-0.31755280379736484,0.2501967831271839,-1.2692121770244402,1014,False,total_suicide_rate,eb,minimal
-2,-0.005122402522558606,0.40882092768320394,-0.012529697419325764,1014,False,total_suicide_rate,eb,minimal
-1,0.0,0.0,0.0,0,True,total_suicide_rate,eb,minimal
0,0.2876582999494707,0.22092101675604542,1.302086619794624,1014,False,total_suicide_rate,eb,minimal
1,0.9400511786428449,0.5032255173656027,1.8680514922296363,1014,False,total_suicide_rate,eb,minimal
2,-1.5536227052580573,0.15761613757880252,-9.85700277347109,1014,False,total_suicide_rate,eb,minimal
3,-1.1006512986584032,0.13247070582352094,-8.308639195481483,1014,False,total_suicide_rate,eb,minimal
4,-1.5473296051465175,0.18992682935491015,-8.146977498661196,1014,False,total_suicide_rate,eb,minimal
5,-0.9001317735571231,0.20010471735652385,-4.498303615468348,1014,False,total_suicide_rate,eb,minimal
-5,0.25541601069699293,0.4547948845202819,0.5616070439455493,1014,False,total_suicide_rate,eb,headline
-4,0.4419775604118713,0.5242727481217433,0.8430298198700918,1014,False,total_suicide_rate,eb,headline
-3,-0.31755280379736484,0.2501967831271839,-1.2692121770244402,1014,False,total_suicide_rate,eb,headline
-2,-0.005122402522558606,0.40882092768320394,-0.012529697419325764,1014,False,total_suicide_rate,eb,headline
-1,0.0,0.0,0.0,0,True,total_suicide_rate,eb,headline
0,0.2876582999494707,0.22092101675604542,1.302086619794624,1014,False,total_suicide_rate,eb,headline
1,0.9400511786428449,0.5032255173656027,1.8680514922296363,1014,False,total_suicide_rate,eb,headline
2,-1.5536227052580573,0.15761613757880252,-9.85700277347109,1014,False,total_suicide_rate,eb,headline
3,-1.1006512986584032,0.13247070582352094,-8.308639195481483,1014,False,total_suicide_rate,eb,headline
4,-1.5473296051465175,0.18992682935491015,-8.146977498661196,1014,False,total_suicide_rate,eb,headline
5,-0.9001317735571231,0.20010471735652385,-4.498303615468348,1014,False,total_suicide_rate,eb,headline
-5,0.25541601069699293,0.4547948845202819,0.5616070439455493,1014,False,total_suicide_rate,eb,expanded
-4,0.4419775604118713,0.5242727481217433,0.8430298198700918,1014,False,total_suicide_rate,eb,expanded
-3,-0.31755280379736484,0.2501967831271839,-1.2692121770244402,1014,False,total_suicide_rate,eb,expanded
-2,-0.005122402522558606,0.40882092768320394,-0.012529697419325764,1014,False,total_suicide_rate,eb,expanded
-1,0.0,0.0,0.0,0,True,total_suicide_rate,eb,expanded
0,0.2876582999494707,0.22092101675604542,1.302086619794624,1014,False,total_suicide_rate,eb,expanded
1,0.9400511786428449,0.5032255173656027,1.8680514922296363,1014,False,total_suicide_rate,eb,expanded
2,-1.5536227052580573,0.15761613757880252,-9.85700277347109,1014,False,total_suicide_rate,eb,expanded
3,-1.1006512986584032,0.13247070582352094,-8.308639195481483,1014,False,total_suicide_rate,eb,expanded
4,-1.5473296051465175,0.18992682935491015,-8.146977498661196,1014,False,total_suicide_rate,eb,expanded
5,-0.9001317735571231,0.20010471735652385,-4.498303615468348,1014,False,total_suicide_rate,eb,expanded
-5,0.4456735249194952,0.44441828133607897,1.0028244643304107,1010,False,firearm_homicide_rate,unweighted,all
-4,-0.3269141450599288,0.2445080033471435,-1.3370284022801007,1010,False,firearm_homicide_rate,unweighted,all
-3,-0.13144172528732995,0.3519946572033138,-0.3734196602064007,1010,False,firearm_homicide_rate,unweighted,all
-2,0.3665003896685232,0.6384609433160315,0.5740372899945884,1010,False,firearm_homicide_rate,unweighted,all
-1,0.0,0.0,0.0,0,True,firearm_homicide_rate,unweighted,all
0,-0.5759788488129042,0.5111052163899726,-1.1269281360130612,1010,False,firearm_homicide_rate,unweighted,all
1,-1.8409535547137417,0.1950437783995583,-9.438668435465003,1010,False,firearm_homicide_rate,unweighted,all
2,1.268784991121949,0.08519641499247123,14.892469257469005,1010,False,firearm_homicide_rate,unweighted,all
3,0.6609363498292674,0.0975346179882297,6.776428343719233,1010,False,firearm_homicide_rate,unweighted,all
4,0.9188010696999986,0.13950281641482284,6.586254624192459,1010,False,firearm_homicide_rate,unweighted,all
5,0.439472552919512,0.1283566003194631,3.423840704924571,1010,False,firearm_homicide_rate,unweighted,all
-5,0.3901296232489807,0.4858755364983781,0.8029414818053573,1010,False,firearm_homicide_rate,ra,minimal
-4,-0.4762337758832512,0.2562664860734974,-1.8583537128872445,1010,False,firearm_homicide_rate,ra,minimal
-3,-0.02139826506915607,0.3736911181465631,-0.05726190436445853,1010,False,firearm_homicide_rate,ra,minimal
-2,0.47004203168628045,0.6498032397355564,0.7233605543080526,1010,False,firearm_homicide_rate,ra,minimal
-1,0.0,0.0,0.0,0,True,firearm_homicide_rate,ra,minimal
0,-0.6299556360341638,0.5563826388761881,-1.1322345307297554,1010,False,firearm_homicide_rate,ra,minimal
1,-1.8381523668795143,0.2673332979540401,-6.875882581583717,1010,False,firearm_homicide_rate,ra,minimal
2,1.2715043654920954,0.11593538853915904,10.967353294914128,1010,False,firearm_homicide_rate,ra,minimal
3,0.6055101424925325,0.18561971456285498,3.2621003858267077,1010,False,firearm_homicide_rate,ra,minimal
4,0.8695307186139614,0.24871011138425575,3.4961615101789776,1010,False,firearm_homicide_rate,ra,minimal
5,0.24872152756373814,0.29105368863255426,0.8545554901994076,1010,False,firearm_homicide_rate,ra,minimal
-5,0.4456735249194952,0.44441828133607897,1.0028244643304107,1010,False,firearm_homicide_rate,eb,minimal
-4,-0.3269141450599288,0.2445080033471435,-1.3370284022801007,1010,False,firearm_homicide_rate,eb,minimal
-3,-0.13144172528732995,0.3519946572033138,-0.3734196602064007,1010,False,firearm_homicide_rate,eb,minimal
-2,0.3665003896685232,0.6384609433160315,0.5740372899945884,1010,False,firearm_homicide_rate,eb,minimal
-1,0.0,0.0,0.0,0,True,firearm_homicide_rate,eb,minimal
0,-0.5759788488129042,0.5111052163899726,-1.1269281360130612,1010,False,firearm_homicide_rate,eb,minimal
1,-1.8409535547137417,0.1950437783995583,-9.438668435465003,1010,False,firearm_homicide_rate,eb,minimal
2,1.268784991121949,0.08519641499247123,14.892469257469005,1010,False,firearm_homicide_rate,eb,minimal
3,0.6609363498292674,0.0975346179882297,6.776428343719233,1010,False,firearm_homicide_rate,eb,minimal
4,0.9188010696999986,0.13950281641482284,6.586254624192459,1010,False,firearm_homicide_rate,eb,minimal
5,0.439472552919512,0.1283566003194631,3.423840704924571,1010,False,firearm_homicide_rate,eb,minimal
-5,0.4456735249194952,0.44441828133607897,1.0028244643304107,1010,False,firearm_homicide_rate,eb,headline
-4,-0.3269141450599288,0.2445080033471435,-1.3370284022801007,1010,False,firearm_homicide_rate,eb,headline
-3,-0.13144172528732995,0.3519946572033138,-0.3734196602064007,1010,False,firearm_homicide_rate,eb,headline
-2,0.3665003896685232,0.6384609433160315,0.5740372899945884,1010,False,firearm_homicide_rate,eb,headline
-1,0.0,0.0,0.0,0,True,firearm_homicide_rate,eb,headline
0,-0.5759788488129042,0.5111052163899726,-1.1269281360130612,1010,False,firearm_homicide_rate,eb,headline
1,-1.8409535547137417,0.1950437783995583,-9.438668435465003,1010,False,firearm_homicide_rate,eb,headline
2,1.268784991121949,0.08519641499247123,14.892469257469005,1010,False,firearm_homicide_rate,eb,headline
3,0.6609363498292674,0.0975346179882297,6.776428343719233,1010,False,firearm_homicide_rate,eb,headline
4,0.9188010696999986,0.13950281641482284,6.586254624192459,1010,False,firearm_homicide_rate,eb,headline
5,0.439472552919512,0.1283566003194631,3.423840704924571,1010,False,firearm_homicide_rate,eb,headline
-5,0.4456735249194952,0.44441828133607897,1.0028244643304107,1010,False,firearm_homicide_rate,eb,expanded
-4,-0.3269141450599288,0.2445080033471435,-1.3370284022801007,1010,False,firearm_homicide_rate,eb,expanded
-3,-0.13144172528732995,0.3519946572033138,-0.3734196602064007,1010,False,firearm_homicide_rate,eb,expanded
-2,0.3665003896685232,0.6384609433160315,0.5740372899945884,1010,False,firearm_homicide_rate,eb,expanded
-1,0.0,0.0,0.0,0,True,firearm_homicide_rate,eb,expanded
0,-0.5759788488129042,0.5111052163899726,-1.1269281360130612,1010,False,firearm_homicide_rate,eb,expanded
1,-1.8409535547137417,0.1950437783995583,-9.438668435465003,1010,False,firearm_homicide_rate,eb,expanded
2,1.268784991121949,0.08519641499247123,14.892469257469005,1010,False,firearm_homicide_rate,eb,expanded
3,0.6609363498292674,0.0975346179882297,6.776428343719233,1010,False,firearm_homicide_rate,eb,expanded
4,0.9188010696999986,0.13950281641482284,6.586254624192459,1010,False,firearm_homicide_rate,eb,expanded
5,0.439472552919512,0.1283566003194631,3.423840704924571,1010,False,firearm_homicide_rate,eb,expanded
-5,0.37196675863205314,0.2017167729635755,1.8440051026357638,1014,False,homicide_rate,unweighted,all
-4,-0.27531117913254366,0.1667697113185708,-1.6508464094336184,1014,False,homicide_rate,unweighted,all
-3,0.022667603599106544,0.3470213624421675,0.065320484709019,1014,False,homicide_rate,unweighted,all
-2,0.2260429119080088,0.4076463342119386,0.5545074073706432,1014,False,homicide_rate,unweighted,all
-1,0.0,0.0,0.0,0,True,homicide_rate,unweighted,all
0,-0.9543231880136636,0.5230810024632341,-1.8244271604582702,1014,False,homicide_rate,unweighted,all
1,-1.7007169139442797,0.19940165247352787,-8.52910140336005,1014,False,homicide_rate,unweighted,all
2,1.196318810353977,0.11022332499453527,10.853590294189447,1014,False,homicide_rate,unweighted,all
3,0.6956764764487967,0.0887437473706007,7.839160471143937,1014,False,homicide_rate,unweighted,all
4,1.034363332560778,0.15404498958244983,6.714683388044591,1014,False,homicide_rate,unweighted,all
5,0.23131913811340954,0.11120734498916483,2.080070683604104,1014,False,homicide_rate,unweighted,all
-5,0.2765068409160548,0.26308977957333335,1.0509980333119768,1014,False,homicide_rate,ra,minimal
-4,-0.4601910885414374,0.17274718717276685,-2.6639570581325525,1014,False,homicide_rate,ra,minimal
-3,-0.0004734376763111903,0.3721482901671436,-0.001272174799187051,1014,False,homicide_rate,ra,minimal
-2,0.2302948756423076,0.4277053396024311,0.5384428350985183,1014,False,homicide_rate,ra,minimal
-1,0.0,0.0,0.0,0,True,homicide_rate,ra,minimal
0,-0.9292945443999995,0.5048344588154987,-1.8407906357668578,1014,False,homicide_rate,ra,minimal
1,-1.5199193415211643,0.28569365502203575,-5.320101846167819,1014,False,homicide_rate,ra,minimal
2,1.3504538892651645,0.1354615435227709,9.969278764627063,1014,False,homicide_rate,ra,minimal
3,0.6499154715296257,0.18184027034010852,3.5741008870809723,1014,False,homicide_rate,ra,minimal
4,1.0451037550797149,0.25047418333242316,4.172500898795941,1014,False,homicide_rate,ra,minimal
5,0.2994383451624946,0.2592508438981225,1.1550139650853541,1014,False,homicide_rate,ra,minimal
-5,0.37196675863205314,0.2017167729635755,1.8440051026357638,1014,False,homicide_rate,eb,minimal
-4,-0.27531117913254366,0.1667697113185708,-1.6508464094336184,1014,False,homicide_rate,eb,minimal
-3,0.022667603599106544,0.3470213624421675,0.065320484709019,1014,False,homicide_rate,eb,minimal
-2,0.2260429119080088,0.4076463342119386,0.5545074073706432,1014,False,homicide_rate,eb,minimal
-1,0.0,0.0,0.0,0,True,homicide_rate,eb,minimal
0,-0.9543231880136636,0.5230810024632341,-1.8244271604582702,1014,False,homicide_rate,eb,minimal
1,-1.7007169139442797,0.19940165247352787,-8.52910140336005,1014,False,homicide_rate,eb,minimal
2,1.196318810353977,0.11022332499453527,10.853590294189447,1014,False,homicide_rate,eb,minimal
3,0.6956764764487967,0.0887437473706007,7.839160471143937,1014,False,homicide_rate,eb,minimal
4,1.034363332560778,0.15404498958244983,6.714683388044591,1014,False,homicide_rate,eb,minimal
5,0.23131913811340954,0.11120734498916483,2.080070683604104,1014,False,homicide_rate,eb,minimal
-5,0.37196675863205314,0.2017167729635755,1.8440051026357638,1014,False,homicide_rate,eb,headline
-4,-0.27531117913254366,0.1667697113185708,-1.6508464094336184,1014,False,homicide_rate,eb,headline
-3,0.022667603599106544,0.3470213624421675,0.065320484709019,1014,False,homicide_rate,eb,headline
-2,0.2260429119080088,0.4076463342119386,0.5545074073706432,1014,False,homicide_rate,eb,headline
-1,0.0,0.0,0.0,0,True,homicide_rate,eb,headline
0,-0.9543231880136636,0.5230810024632341,-1.8244271604582702,1014,False,homicide_rate,eb,headline
1,-1.7007169139442797,0.19940165247352787,-8.52910140336005,1014,False,homicide_rate,eb,headline
2,1.196318810353977,0.11022332499453527,10.853590294189447,1014,False,homicide_rate,eb,headline
3,0.6956764764487967,0.0887437473706007,7.839160471143937,1014,False,homicide_rate,eb,headline
4,1.034363332560778,0.15404498958244983,6.714683388044591,1014,False,homicide_rate,eb,headline
5,0.23131913811340954,0.11120734498916483,2.080070683604104,1014,False,homicide_rate,eb,headline
-5,0.37196675863205314,0.2017167729635755,1.8440051026357638,1014,False,homicide_rate,eb,expanded
-4,-0.27531117913254366,0.1667697113185708,-1.6508464094336184,1014,False,homicide_rate,eb,expanded
-3,0.022667603599106544,0.3470213624421675,0.065320484709019,1014,False,homicide_rate,eb,expanded
-2,0.2260429119080088,0.4076463342119386,0.5545074073706432,1014,False,homicide_rate,eb,expanded
-1,0.0,0.0,0.0,0,True,homicide_rate,eb,expanded
0,-0.9543231880136636,0.5230810024632341,-1.8244271604582702,1014,False,homicide_rate,eb,expanded
1,-1.7007169139442797,0.19940165247352787,-8.52910140336005,1014,False,homicide_rate,eb,expanded
2,1.196318810353977,0.11022332499453527,10.853590294189447,1014,False,homicide_rate,eb,expanded
3,0.6956764764487967,0.0887437473706007,7.839160471143937,1014,False,homicide_rate,eb,expanded
4,1.034363332560778,0.15404498958244983,6.714683388044591,1014,False,homicide_rate,eb,expanded
5,0.23131913811340954,0.11120734498916483,2.080070683604104,1014,False,homicide_rate,eb,expanded
-5,-6.492861007082269,48.358095770193366,-0.1342662671817672,1014,False,motor_vehicle_theft_rate,unweighted,all
-4,-27.951329592258546,40.27489624722924,-0.6940136957939771,1014,False,motor_vehicle_theft_rate,unweighted,all
-3,-20.895246444490613,35.835483731743835,-0.5830881648175202,1014,False,motor_vehicle_theft_rate,unweighted,all
-2,-10.688307972264978,15.567092194343642,-0.6865963044882982,1014,False,motor_vehicle_theft_rate,unweighted,all
-1,0.0,0.0,0.0,0,True,motor_vehicle_theft_rate,unweighted,all
0,72.73723503928996,50.36122352182285,1.4443103235522263,1014,False,motor_vehicle_theft_rate,unweighted,all
1,11.268051997398997,31.599512991457747,0.35658941960419055,1014,False,motor_vehicle_theft_rate,unweighted,all
2,-36.12760507900418,4.370434892191825,-8.266363867712432,1014,False,motor_vehicle_theft_rate,unweighted,all
3,-55.94990094571066,7.867084942597432,-7.1118973996024994,1014,False,motor_vehicle_theft_rate,unweighted,all
4,-74.63849429651124,10.290614446090343,-7.2530648862146645,1014,False,motor_vehicle_theft_rate,unweighted,all
5,-95.75216541465075,9.220555041017374,-10.384642246448289,1014,False,motor_vehicle_theft_rate,unweighted,all
-5,-17.8301193651558,41.34186982941773,-0.43128478316837954,1014,False,motor_vehicle_theft_rate,ra,minimal
-4,-36.92621160186745,33.14451617629018,-1.1140971678531393,1014,False,motor_vehicle_theft_rate,ra,minimal
-3,-25.791352139013423,34.886822013127876,-0.7392863737863014,1014,False,motor_vehicle_theft_rate,ra,minimal
-2,-13.461421061565943,14.015736344901635,-0.9604505057961276,1014,False,motor_vehicle_theft_rate,ra,minimal
-1,0.0,0.0,0.0,0,True,motor_vehicle_theft_rate,ra,minimal
0,72.16184543284409,45.779905207571574,1.576277738139772,1014,False,motor_vehicle_theft_rate,ra,minimal
1,29.061852985442282,37.13927497706629,0.7825099710047688,1014,False,motor_vehicle_theft_rate,ra,minimal
2,-27.069060536377712,8.632906321208006,-3.1355675052187904,1014,False,motor_vehicle_theft_rate,ra,minimal
3,-46.33580383147171,15.003278849748076,-3.0883785001602995,1014,False,motor_vehicle_theft_rate,ra,minimal
4,-59.515065590676116,19.48468575825664,-3.0544534476496032,1014,False,motor_vehicle_theft_rate,ra,minimal
5,-75.10092399491872,20.17502382088155,-3.722470152287393,1014,False,motor_vehicle_theft_rate,ra,minimal
-5,-6.492861007082269,48.358095770193366,-0.1342662671817672,1014,False,motor_vehicle_theft_rate,eb,minimal
-4,-27.951329592258546,40.27489624722924,-0.6940136957939771,1014,False,motor_vehicle_theft_rate,eb,minimal
-3,-20.895246444490613,35.835483731743835,-0.5830881648175202,1014,False,motor_vehicle_theft_rate,eb,minimal
-2,-10.688307972264978,15.567092194343642,-0.6865963044882982,1014,False,motor_vehicle_theft_rate,eb,minimal
-1,0.0,0.0,0.0,0,True,motor_vehicle_theft_rate,eb,minimal
0,72.73723503928996,50.36122352182285,1.4443103235522263,1014,False,motor_vehicle_theft_rate,eb,minimal
1,11.268051997398997,31.599512991457747,0.35658941960419055,1014,False,motor_vehicle_theft_rate,eb,minimal
2,-36.12760507900418,4.370434892191825,-8.266363867712432,1014,False,motor_vehicle_theft_rate,eb,minimal
3,-55.94990094571066,7.867084942597432,-7.1118973996024994,1014,False,motor_vehicle_theft_rate,eb,minimal
4,-74.63849429651124,10.290614446090343,-7.2530648862146645,1014,False,motor_vehicle_theft_rate,eb,minimal
5,-95.75216541465075,9.220555041017374,-10.384642246448289,1014,False,motor_vehicle_theft_rate,eb,minimal
-5,-6.492861007082269,48.358095770193366,-0.1342662671817672,1014,False,motor_vehicle_theft_rate,eb,headline
-4,-27.951329592258546,40.27489624722924,-0.6940136957939771,1014,False,motor_vehicle_theft_rate,eb,headline
-3,-20.895246444490613,35.835483731743835,-0.5830881648175202,1014,False,motor_vehicle_theft_rate,eb,headline
-2,-10.688307972264978,15.567092194343642,-0.6865963044882982,1014,False,motor_vehicle_theft_rate,eb,headline
-1,0.0,0.0,0.0,0,True,motor_vehicle_theft_rate,eb,headline
0,72.73723503928996,50.36122352182285,1.4443103235522263,1014,False,motor_vehicle_theft_rate,eb,headline
1,11.268051997398997,31.599512991457747,0.35658941960419055,1014,False,motor_vehicle_theft_rate,eb,headline
2,-36.12760507900418,4.370434892191825,-8.266363867712432,1014,False,motor_vehicle_theft_rate,eb,headline
3,-55.94990094571066,7.867084942597432,-7.1118973996024994,1014,False,motor_vehicle_theft_rate,eb,headline
4,-74.63849429651124,10.290614446090343,-7.2530648862146645,1014,False,motor_vehicle_theft_rate,eb,headline
5,-95.75216541465075,9.220555041017374,-10.384642246448289,1014,False,motor_vehicle_theft_rate,eb,headline
-5,-6.492861007082269,48.358095770193366,-0.1342662671817672,1014,False,motor_vehicle_theft_rate,eb,expanded
-4,-27.951329592258546,40.27489624722924,-0.6940136957939771,1014,False,motor_vehicle_theft_rate,eb,expanded
-3,-20.895246444490613,35.835483731743835,-0.5830881648175202,1014,False,motor_vehicle_theft_rate,eb,expanded
-2,-10.688307972264978,15.567092194343642,-0.6865963044882982,1014,False,motor_vehicle_theft_rate,eb,expanded
-1,0.0,0.0,0.0,0,True,motor_vehicle_theft_rate,eb,expanded
0,72.73723503928996,50.36122352182285,1.4443103235522263,1014,False,motor_vehicle_theft_rate,eb,expanded
1,11.268051997398997,31.599512991457747,0.35658941960419055,1014,False,motor_vehicle_theft_rate,eb,expanded
2,-36.12760507900418,4.370434892191825,-8.266363867712432,1014,False,motor_vehicle_theft_rate,eb,expanded
3,-55.94990094571066,7.867084942597432,-7.1118973996024994,1014,False,motor_vehicle_theft_rate,eb,expanded
4,-74.63849429651124,10.290614446090343,-7.2530648862146645,1014,False,motor_vehicle_theft_rate,eb,expanded
5,-95.75216541465075,9.220555041017374,-10.384642246448289,1014,False,motor_vehicle_theft_rate,eb,expanded
